RESNR,RESTYPE,RESCHAIN,RESNR_LIG,RESTYPE_LIG,RESCHAIN_LIG,DIST,LIGCARBONIDX,PROTCARBONIDX,LIGCOO,PROTCOO,PROT_IDX_LIST,CENTDIST,ANGLE,OFFSET,TYPE,LIG_IDX_LIST,BOND
275,ALA,B,1,UNL,d,3.88,1978,439,"(14.885, -4.462, 59.589)","(14.604, -6.314, 56.187)",,,,,,,HYDROPHOBIC
312,MET,B,1,UNL,d,3.36,1974,724,"(16.168, -0.851, 59.192)","(15.236, 0.768, 56.399)",,,,,,,HYDROPHOBIC
315,GLU,B,1,UNL,d,3.77,1989,749,"(7.855, 2.21, 57.465)","(10.579, 4.641, 58.385)",,,,,,,HYDROPHOBIC
316,THR,B,1,UNL,d,3.40,1967,759,"(17.069, -1.906, 62.386)","(16.367, 1.251, 63.426)",,,,,,,HYDROPHOBIC
329,PHE,B,1,UNL,d,3.81,1981,867,"(9.289, -3.376, 60.628)","(10.245, -3.635, 64.309)",,,,,,,HYDROPHOBIC
329,PHE,B,1,UNL,d,3.11,1967,873,"(17.069, -1.906, 62.386)","(14.187, -2.105, 63.53)",,,,,,,HYDROPHOBIC
340,PHE,B,1,UNL,d,3.75,1970,965,"(21.721, -2.702, 65.007)","(19.739, -5.54, 66.446)",,,,,,,HYDROPHOBIC
349,PHE,B,1,UNL,d,3.32,1964,1044,"(19.471, -2.269, 59.673)","(22.534, -3.269, 58.866)",,,,,,,HYDROPHOBIC
349,PHE,B,1,UNL,d,3.70,1971,1043,"(20.629, -3.179, 62.743)","(22.668, -4.231, 59.842)",,,,,,,HYDROPHOBIC
350,ILE,B,1,UNL,d,3.53,1970,1051,"(21.721, -2.702, 65.007)","(24.372, -2.977, 67.316)",,,,,,,HYDROPHOBIC
354,PHE,B,1,UNL,d,3.79,1970,1084,"(21.721, -2.702, 65.007)","(20.841, -1.166, 68.358)",,,,,,,HYDROPHOBIC
329,PHE,B,1,UNL,d,3.46,1979,870,"(11.529, -2.635, 59.954)","(11.808, -1.933, 63.326)",,,,,,,HYDROPHOBIC
329,PHE,B,1,UNL,d,3.60,1976,872,"(13.011, -2.903, 59.771)","(13.084, -1.435, 63.061)",,,,,,,HYDROPHOBIC
330,LEU,B,1,UNL,d,2.94,1981,881,"(9.289, -3.376, 60.628)","(6.785, -4.78, 61.247)",,,,,,,HYDROPHOBIC
353,ILE,B,1,UNL,d,3.61,1971,1075,"(20.629, -3.179, 62.743)","(22.267, -0.333, 61.234)",,,,,,,HYDROPHOBIC
340,PHE,B,1,UNL,d,,,,"(19.645200000000003, -2.6104000000000003, 63.1734)","(18.506, -4.906, 66.44083333333333)","965,966,967,968,969,970",4.15,6.47,1.97,P,"1965,1966,1968,1969,1971",PISTACKING
