RESNR,RESTYPE,RESCHAIN,RESNR_LIG,RESTYPE_LIG,RESCHAIN_LIG,DIST,LIGCARBONIDX,PROTCARBONIDX,LIGCOO,PROTCOO,PROT_IDX_LIST,CENTDIST,ANGLE,OFFSET,TYPE,LIG_IDX_LIST,BOND
275,ALA,B,1,UNL,d,3.89,1978,439,"(14.602, -4.673, 59.71)","(14.604, -6.314, 56.187)",,,,,,,HYDROPHOBIC
309,ILE,B,1,UNL,d,3.69,1970,702,"(20.048, -0.67, 58.486)","(19.587, -0.887, 54.827)",,,,,,,HYDROPHOBIC
312,MET,B,1,UNL,d,3.33,1974,724,"(15.999, -1.152, 59.007)","(15.236, 0.768, 56.399)",,,,,,,HYDROPHOBIC
313,LEU,B,1,UNL,d,3.25,1970,735,"(20.048, -0.67, 58.486)","(20.17, 2.424, 59.473)",,,,,,,HYDROPHOBIC
315,GLU,B,1,UNL,d,3.72,1989,749,"(7.898, 2.255, 57.422)","(10.579, 4.641, 58.385)",,,,,,,HYDROPHOBIC
316,THR,B,1,UNL,d,3.57,1967,759,"(17.713, -2.042, 63.156)","(16.367, 1.251, 63.426)",,,,,,,HYDROPHOBIC
329,PHE,B,1,UNL,d,3.71,1981,867,"(9.078, -3.312, 60.801)","(10.245, -3.635, 64.309)",,,,,,,HYDROPHOBIC
329,PHE,B,1,UNL,d,3.55,1967,873,"(17.713, -2.042, 63.156)","(14.187, -2.105, 63.53)",,,,,,,HYDROPHOBIC
340,PHE,B,1,UNL,d,3.67,1967,969,"(17.713, -2.042, 63.156)","(17.687, -5.004, 65.329)",,,,,,,HYDROPHOBIC
345,LEU,B,1,UNL,d,2.92,1964,1007,"(19.646, -5.327, 61.337)","(21.729, -7.055, 62.44)",,,,,,,HYDROPHOBIC
349,PHE,B,1,UNL,d,3.55,1964,1043,"(19.646, -5.327, 61.337)","(22.668, -4.231, 59.842)",,,,,,,HYDROPHOBIC
353,ILE,B,1,UNL,d,3.55,1970,1075,"(20.048, -0.67, 58.486)","(22.267, -0.333, 61.234)",,,,,,,HYDROPHOBIC
274,LEU,B,1,UNL,d,3.20,1977,431,"(13.26, -4.362, 59.919)","(11.429, -6.921, 60.502)",,,,,,,HYDROPHOBIC
329,PHE,B,1,UNL,d,3.41,1979,870,"(11.327, -2.697, 60.036)","(11.808, -1.933, 63.326)",,,,,,,HYDROPHOBIC
330,LEU,B,1,UNL,d,2.76,1981,881,"(9.078, -3.312, 60.801)","(6.785, -4.78, 61.247)",,,,,,,HYDROPHOBIC
329,PHE,B,1,UNL,d,,,,"(14.174500000000002, -3.3526666666666665, 59.618666666666655)","(12.908, -2.604, 63.79916666666666)","868,869,870,871,872,873",4.43,27.07,1.93,P,"1972,1973,1975,1976,1977,1978",PISTACKING
