RESNR,RESTYPE,RESCHAIN,RESNR_LIG,RESTYPE_LIG,RESCHAIN_LIG,DIST,LIGCARBONIDX,PROTCARBONIDX,LIGCOO,PROTCOO,PROT_IDX_LIST,CENTDIST,ANGLE,OFFSET,TYPE,LIG_IDX_LIST,BOND
271,PHE,B,1,UNL,d,3.44,1970,405,"(18.851, -7.161, 61.507)","(16.438, -9.153, 62.936)",,,,,,,HYDROPHOBIC
271,PHE,B,1,UNL,d,3.82,1974,406,"(14.485, -5.563, 61.137)","(15.458, -8.373, 63.527)",,,,,,,HYDROPHOBIC
275,ALA,B,1,UNL,d,3.47,1967,439,"(18.074, -6.146, 56.261)","(14.604, -6.314, 56.187)",,,,,,,HYDROPHOBIC
309,ILE,B,1,UNL,d,3.60,1964,702,"(19.523, -2.902, 57.814)","(19.587, -0.887, 54.827)",,,,,,,HYDROPHOBIC
315,GLU,B,1,UNL,d,3.95,1989,749,"(7.486, 2.614, 57.001)","(10.579, 4.641, 58.385)",,,,,,,HYDROPHOBIC
329,PHE,B,1,UNL,d,3.76,1979,870,"(10.853, -2.392, 59.714)","(11.808, -1.933, 63.326)",,,,,,,HYDROPHOBIC
329,PHE,B,1,UNL,d,3.93,1974,871,"(14.485, -5.563, 61.137)","(14.02, -3.267, 64.293)",,,,,,,HYDROPHOBIC
345,LEU,B,1,UNL,d,3.03,1970,1007,"(18.851, -7.161, 61.507)","(21.729, -7.055, 62.44)",,,,,,,HYDROPHOBIC
349,PHE,B,1,UNL,d,3.21,1964,1044,"(19.523, -2.902, 57.814)","(22.534, -3.269, 58.866)",,,,,,,HYDROPHOBIC
457,TRP,B,1,UNL,d,3.58,1967,1929,"(18.074, -6.146, 56.261)","(18.079, -5.348, 52.766)",,,,,,,HYDROPHOBIC
274,LEU,B,1,UNL,d,3.29,1975,431,"(12.789, -3.924, 60.382)","(11.429, -6.921, 60.502)",,,,,,,HYDROPHOBIC
330,LEU,B,1,UNL,d,2.79,1981,881,"(8.5, -3.075, 59.853)","(6.785, -4.78, 61.247)",,,,,,,HYDROPHOBIC
329,PHE,B,1,UNL,d,,,,"(13.730166666666667, -3.0226666666666664, 59.90266666666667)","(12.908, -2.604, 63.79916666666666)","868,869,870,871,872,873",4.00,5.85,1.65,P,"1972,1973,1975,1976,1977,1978",PISTACKING
