RESNR,RESTYPE,RESCHAIN,RESNR_LIG,RESTYPE_LIG,RESCHAIN_LIG,DIST,LIGCARBONIDX,PROTCARBONIDX,LIGCOO,PROTCOO,PROT_IDX_LIST,CENTDIST,ANGLE,OFFSET,TYPE,LIG_IDX_LIST,BOND
272,THR,B,1,UNL,d,3.82,1967,417,"(18.026, -8.3, 58.051)","(17.137, -11.762, 56.702)",,,,,,,HYDROPHOBIC
275,ALA,B,1,UNL,d,3.99,1964,439,"(18.028, -4.28, 56.463)","(14.604, -6.314, 56.187)",,,,,,,HYDROPHOBIC
313,LEU,B,1,UNL,d,3.80,1974,735,"(17.34, -0.112, 59.348)","(20.17, 2.424, 59.473)",,,,,,,HYDROPHOBIC
329,PHE,B,1,UNL,d,3.97,1981,867,"(10.847, -3.633, 60.38)","(10.245, -3.635, 64.309)",,,,,,,HYDROPHOBIC
329,PHE,B,1,UNL,d,3.95,1976,872,"(14.455, -2.592, 59.538)","(13.084, -1.435, 63.061)",,,,,,,HYDROPHOBIC
438,GLN,B,1,UNL,d,3.83,1970,1767,"(22.542, -7.058, 55.365)","(25.479, -6.296, 57.699)",,,,,,,HYDROPHOBIC
439,VAL,B,1,UNL,d,3.56,1970,1776,"(22.542, -7.058, 55.365)","(24.044, -5.589, 52.495)",,,,,,,HYDROPHOBIC
442,LEU,B,1,UNL,d,3.28,1970,1800,"(22.542, -7.058, 55.365)","(23.829, -10.068, 55.218)",,,,,,,HYDROPHOBIC
457,TRP,B,1,UNL,d,3.53,1964,1930,"(18.028, -4.28, 56.463)","(17.378, -4.158, 52.992)",,,,,,,HYDROPHOBIC
274,LEU,B,1,UNL,d,3.34,1981,431,"(10.847, -3.633, 60.38)","(11.429, -6.921, 60.502)",,,,,,,HYDROPHOBIC
312,MET,B,1,UNL,d,3.73,1974,724,"(17.34, -0.112, 59.348)","(15.236, 0.768, 56.399)",,,,,,,HYDROPHOBIC
329,PHE,B,1,UNL,d,,,,"(11.540666666666667, -2.4875000000000003, 59.98933333333333)","(12.908, -2.604, 63.79916666666666)","868,869,870,871,872,873",4.05,20.64,1.28,P,"1979,1980,1981,1982,1983,1984",PISTACKING
340,PHE,B,1,UNL,d,,,,"(19.2418, -3.1572, 62.644400000000005)","(18.506, -4.906, 66.44083333333333)","965,966,967,968,969,970",4.24,15.78,1.81,P,"1957,1958,1959,1961,1962",PISTACKING
