RESNR,RESTYPE,RESCHAIN,RESNR_LIG,RESTYPE_LIG,RESCHAIN_LIG,DIST,LIGCARBONIDX,PROTCARBONIDX,LIGCOO,PROTCOO,PROT_IDX_LIST,CENTDIST,ANGLE,OFFSET,TYPE,LIG_IDX_LIST,BOND
271,PHE,B,1,UNL,d,2.92,1974,406,"(14.556, -6.147, 61.875)","(15.458, -8.373, 63.527)",,,,,,,HYDROPHOBIC
272,THR,B,1,UNL,d,3.28,1970,417,"(18.118, -8.637, 56.832)","(17.137, -11.762, 56.702)",,,,,,,HYDROPHOBIC
309,ILE,B,1,UNL,d,3.23,1967,702,"(18.466, -3.251, 56.713)","(19.587, -0.887, 54.827)",,,,,,,HYDROPHOBIC
315,GLU,B,1,UNL,d,3.79,1989,749,"(7.695, 2.301, 57.644)","(10.579, 4.641, 58.385)",,,,,,,HYDROPHOBIC
329,PHE,B,1,UNL,d,3.80,1974,871,"(14.556, -6.147, 61.875)","(14.02, -3.267, 64.293)",,,,,,,HYDROPHOBIC
345,LEU,B,1,UNL,d,3.22,1964,1007,"(19.478, -5.532, 60.706)","(21.729, -7.055, 62.44)",,,,,,,HYDROPHOBIC
349,PHE,B,1,UNL,d,3.55,1964,1043,"(19.478, -5.532, 60.706)","(22.668, -4.231, 59.842)",,,,,,,HYDROPHOBIC
457,TRP,B,1,UNL,d,3.98,1967,1930,"(18.466, -3.251, 56.713)","(17.378, -4.158, 52.992)",,,,,,,HYDROPHOBIC
274,LEU,B,1,UNL,d,3.04,1975,431,"(13.123, -4.416, 60.834)","(11.429, -6.921, 60.502)",,,,,,,HYDROPHOBIC
329,PHE,B,1,UNL,d,3.59,1979,870,"(11.432, -2.767, 59.851)","(11.808, -1.933, 63.326)",,,,,,,HYDROPHOBIC
330,LEU,B,1,UNL,d,3.26,1981,881,"(9.067, -3.293, 59.464)","(6.785, -4.78, 61.247)",,,,,,,HYDROPHOBIC
329,PHE,B,1,UNL,d,,,,"(14.194, -3.6195, 60.45083333333334)","(12.908, -2.604, 63.79916666666666)","868,869,870,871,872,873",3.73,2.67,1.34,P,"1972,1973,1975,1976,1977,1978",PISTACKING
340,PHE,B,1,UNL,d,,,,"(19.4226, -2.0780000000000003, 63.47240000000001)","(18.506, -4.906, 66.44083333333333)","965,966,967,968,969,970",4.20,16.47,1.63,P,"1957,1958,1959,1961,1962",PISTACKING
