RESNR,RESTYPE,RESCHAIN,RESNR_LIG,RESTYPE_LIG,RESCHAIN_LIG,DIST,LIGCARBONIDX,PROTCARBONIDX,LIGCOO,PROTCOO,PROT_IDX_LIST,PROTISPOS,LIG_GROUP,LIG_IDX_LIST,CENTDIST,ANGLE,OFFSET,TYPE,PROTCHARGED,BOND
260,LEU,A,1,UNL,d,3.75,1858,305,"(48.3, 14.753, -4.526)","(47.279, 11.179, -5.035)",,,,,,,,,,HYDROPHOBIC
298,MET,A,1,UNL,d,3.79,1867,596,"(42.824, 18.122, -4.462)","(42.133, 20.138, -1.325)",,,,,,,,,,HYDROPHOBIC
315,PHE,A,1,UNL,d,3.85,1867,737,"(42.824, 18.122, -4.462)","(44.415, 17.465, -7.901)",,,,,,,,,,HYDROPHOBIC
260,LEU,A,1,UNL,d,3.36,1859,302,"(46.92, 14.535, -4.544)","(44.966, 11.816, -4.326)",,,,,,,,,,HYDROPHOBIC
316,LEU,A,1,UNL,d,3.57,1851,744,"(52.473, 16.647, -5.366)","(53.02, 13.124, -5.151)",,,,,,,,,,HYDROPHOBIC
316,LEU,A,1,UNL,d,3.11,1858,745,"(48.3, 14.753, -4.526)","(50.583, 12.697, -4.996)",,,,,,,,,,HYDROPHOBIC
267,GLU,A,1,UNL,d,4.41,,,"(55.01, 17.678, -2.797)","(52.0305, 16.5965, 0.267)","355,356",False,Tertamine,1831,,,,,,SALTBRIDGE
315,PHE,A,1,UNL,d,,,,"(47.42733333333334, 15.790000000000001, -4.2058333333333335)","(45.505500000000005, 16.634666666666664, -8.124166666666667)","732,733,734,735,736,737",,,"1857,1858,1859,1860,1861,1862",4.45,27.18,1.83,P,,PISTACKING
305,ARG,A,1,UNL,d,4.52,,,"(53.916599999999995, 20.8694, -1.857)","(51.32833333333334, 20.448333333333334, -5.541666666666667)","656,658,659",,Aromatic,"1843,1844,1846,1847,1849",,,1.30,,True,PICATION
305,ARG,A,1,UNL,d,4.24,,,"(51.7655, 16.470000000000002, -4.1546666666666665)","(51.32833333333334, 20.448333333333334, -5.541666666666667)","656,658,659",,Aromatic,"1850,1851,1853,1854,1855,1856",,,1.62,,True,PICATION
