RESNR,RESTYPE,RESCHAIN,RESNR_LIG,RESTYPE_LIG,RESCHAIN_LIG,DIST,LIGCARBONIDX,PROTCARBONIDX,LIGCOO,PROTCOO,PROT_IDX_LIST,PROTISPOS,LIG_GROUP,LIG_IDX_LIST,CENTDIST,ANGLE,OFFSET,TYPE,PROTCHARGED,BOND
260,LEU,A,1,UNL,d,3.74,1858,305,"(48.194, 14.769, -4.491)","(47.279, 11.179, -5.035)",,,,,,,,,,HYDROPHOBIC
315,PHE,A,1,UNL,d,3.60,1867,737,"(42.975, 17.263, -4.612)","(44.415, 17.465, -7.901)",,,,,,,,,,HYDROPHOBIC
260,LEU,A,1,UNL,d,3.32,1859,302,"(46.812, 14.57, -4.51)","(44.966, 11.816, -4.326)",,,,,,,,,,HYDROPHOBIC
316,LEU,A,1,UNL,d,3.57,1851,744,"(52.39, 16.63, -5.367)","(53.02, 13.124, -5.151)",,,,,,,,,,HYDROPHOBIC
316,LEU,A,1,UNL,d,3.20,1858,745,"(48.194, 14.769, -4.491)","(50.583, 12.697, -4.996)",,,,,,,,,,HYDROPHOBIC
267,GLU,A,1,UNL,d,4.33,,,"(54.942, 17.587, -2.779)","(52.0305, 16.5965, 0.267)","355,356",False,Tertamine,1831,,,,,,SALTBRIDGE
315,PHE,A,1,UNL,d,,,,"(47.334333333333326, 15.828833333333334, -4.2125)","(45.505500000000005, 16.634666666666664, -8.124166666666667)","732,733,734,735,736,737",,,"1857,1858,1859,1860,1861,1862",4.39,28.34,1.76,P,,PISTACKING
305,ARG,A,1,UNL,d,4.59,,,"(53.9378, 20.791800000000002, -1.7863999999999998)","(51.32833333333334, 20.448333333333334, -5.541666666666667)","656,658,659",,Aromatic,"1843,1844,1846,1847,1849",,,1.47,,True,PICATION
305,ARG,A,1,UNL,d,4.24,,,"(51.681000000000004, 16.451333333333334, -4.157)","(51.32833333333334, 20.448333333333334, -5.541666666666667)","656,658,659",,Aromatic,"1850,1851,1853,1854,1855,1856",,,1.66,,True,PICATION
