RESNR,RESTYPE,RESCHAIN,RESNR_LIG,RESTYPE_LIG,RESCHAIN_LIG,DIST,LIGCARBONIDX,PROTCARBONIDX,LIGCOO,PROTCOO,PROT_IDX_LIST,CENTDIST,ANGLE,OFFSET,TYPE,LIG_IDX_LIST,BOND
275,ALA,B,1,UNL,d,3.76,1969,439,"(15.009, -4.379, 59.389)","(14.604, -6.314, 56.187)",,,,,,,HYDROPHOBIC
312,MET,B,1,UNL,d,3.32,1965,724,"(16.256, -0.745, 59.177)","(15.236, 0.768, 56.399)",,,,,,,HYDROPHOBIC
316,THR,B,1,UNL,d,3.23,1983,759,"(17.007, -1.795, 62.561)","(16.367, 1.251, 63.426)",,,,,,,HYDROPHOBIC
329,PHE,B,1,UNL,d,3.72,1972,867,"(9.444, -3.4, 60.685)","(10.245, -3.635, 64.309)",,,,,,,HYDROPHOBIC
329,PHE,B,1,UNL,d,3.00,1983,873,"(17.007, -1.795, 62.561)","(14.187, -2.105, 63.53)",,,,,,,HYDROPHOBIC
340,PHE,B,1,UNL,d,3.77,1986,965,"(21.751, -2.727, 64.951)","(19.739, -5.54, 66.446)",,,,,,,HYDROPHOBIC
349,PHE,B,1,UNL,d,3.18,1991,1042,"(21.785, -0.016, 57.537)","(23.593, -2.41, 58.587)",,,,,,,HYDROPHOBIC
349,PHE,B,1,UNL,d,3.72,1987,1043,"(20.623, -2.943, 62.665)","(22.668, -4.231, 59.842)",,,,,,,HYDROPHOBIC
350,ILE,B,1,UNL,d,3.54,1986,1051,"(21.751, -2.727, 64.951)","(24.372, -2.977, 67.316)",,,,,,,HYDROPHOBIC
354,PHE,B,1,UNL,d,3.86,1986,1084,"(21.751, -2.727, 64.951)","(20.841, -1.166, 68.358)",,,,,,,HYDROPHOBIC
435,HIS,B,1,UNL,d,3.47,1991,1741,"(21.785, -0.016, 57.537)","(23.836, -0.877, 54.873)",,,,,,,HYDROPHOBIC
309,ILE,B,1,UNL,d,3.09,1990,702,"(20.324, -0.387, 57.789)","(19.587, -0.887, 54.827)",,,,,,,HYDROPHOBIC
313,LEU,B,1,UNL,d,3.28,1990,735,"(20.324, -0.387, 57.789)","(20.17, 2.424, 59.473)",,,,,,,HYDROPHOBIC
329,PHE,B,1,UNL,d,3.47,1971,870,"(10.805, -3.623, 60.468)","(11.808, -1.933, 63.326)",,,,,,,HYDROPHOBIC
329,PHE,B,1,UNL,d,3.67,1967,872,"(13.12, -2.853, 59.681)","(13.084, -1.435, 63.061)",,,,,,,HYDROPHOBIC
330,LEU,B,1,UNL,d,3.05,1972,881,"(9.444, -3.4, 60.685)","(6.785, -4.78, 61.247)",,,,,,,HYDROPHOBIC
349,PHE,B,1,UNL,d,2.85,1989,1044,"(20.157, -1.747, 58.495)","(22.534, -3.269, 58.866)",,,,,,,HYDROPHOBIC
353,ILE,B,1,UNL,d,3.40,1987,1075,"(20.623, -2.943, 62.665)","(22.267, -0.333, 61.234)",,,,,,,HYDROPHOBIC
353,ILE,B,1,UNL,d,3.74,1989,1075,"(20.157, -1.747, 58.495)","(22.267, -0.333, 61.234)",,,,,,,HYDROPHOBIC
340,PHE,B,1,UNL,d,,,,"(19.6304, -2.4818000000000002, 63.18480000000001)","(18.506, -4.906, 66.44083333333333)","965,966,967,968,969,970",4.21,13.44,1.92,P,"1981,1982,1984,1985,1987",PISTACKING
