RESNR,RESTYPE,RESCHAIN,RESNR_LIG,RESTYPE_LIG,RESCHAIN_LIG,DIST,LIGCARBONIDX,PROTCARBONIDX,LIGCOO,PROTCOO,PROT_IDX_LIST,CENTDIST,ANGLE,OFFSET,TYPE,LIG_IDX_LIST,BOND
271,PHE,B,1,UNL,d,3.39,1965,406,"(14.753, -5.653, 61.624)","(15.458, -8.373, 63.527)",,,,,,,HYDROPHOBIC
309,ILE,B,1,UNL,d,3.29,1986,702,"(20.731, -0.852, 57.908)","(19.587, -0.887, 54.827)",,,,,,,HYDROPHOBIC
312,MET,B,1,UNL,d,3.64,1983,724,"(15.616, -0.892, 59.619)","(15.236, 0.768, 56.399)",,,,,,,HYDROPHOBIC
313,LEU,B,1,UNL,d,3.67,1986,735,"(20.731, -0.852, 57.908)","(20.17, 2.424, 59.473)",,,,,,,HYDROPHOBIC
316,THR,B,1,UNL,d,3.62,1989,759,"(17.898, -2.019, 63.135)","(16.367, 1.251, 63.426)",,,,,,,HYDROPHOBIC
327,ILE,B,1,UNL,d,3.64,1990,855,"(18.953, -1.726, 64.219)","(17.036, -0.001, 66.787)",,,,,,,HYDROPHOBIC
329,PHE,B,1,UNL,d,3.82,1972,867,"(8.641, -3.098, 60.886)","(10.245, -3.635, 64.309)",,,,,,,HYDROPHOBIC
329,PHE,B,1,UNL,d,3.61,1966,872,"(12.944, -4.201, 60.752)","(13.084, -1.435, 63.061)",,,,,,,HYDROPHOBIC
329,PHE,B,1,UNL,d,3.65,1965,871,"(14.753, -5.653, 61.624)","(14.02, -3.267, 64.293)",,,,,,,HYDROPHOBIC
340,PHE,B,1,UNL,d,3.67,1991,967,"(20.255, -2.499, 64.015)","(18.896, -5.64, 65.341)",,,,,,,HYDROPHOBIC
353,ILE,B,1,UNL,d,3.70,1986,1075,"(20.731, -0.852, 57.908)","(22.267, -0.333, 61.234)",,,,,,,HYDROPHOBIC
274,LEU,B,1,UNL,d,3.12,1966,431,"(12.944, -4.201, 60.752)","(11.429, -6.921, 60.502)",,,,,,,HYDROPHOBIC
275,ALA,B,1,UNL,d,3.78,1969,439,"(14.415, -3.366, 58.549)","(14.604, -6.314, 56.187)",,,,,,,HYDROPHOBIC
329,PHE,B,1,UNL,d,3.50,1970,870,"(10.926, -2.786, 60.046)","(11.808, -1.933, 63.326)",,,,,,,HYDROPHOBIC
330,LEU,B,1,UNL,d,2.53,1972,881,"(8.641, -3.098, 60.886)","(6.785, -4.78, 61.247)",,,,,,,HYDROPHOBIC
340,PHE,B,1,UNL,d,3.59,1988,969,"(18.185, -3.244, 62.236)","(17.687, -5.004, 65.329)",,,,,,,HYDROPHOBIC
353,ILE,B,1,UNL,d,3.64,1990,1074,"(18.953, -1.726, 64.219)","(20.799, 1.281, 63.344)",,,,,,,HYDROPHOBIC
349,PHE,B,1,UNL,d,,,,"(19.959600000000002, -5.899, 57.428999999999995)","(23.738833333333332, -3.3758333333333326, 59.5685)","1039,1040,1041,1042,1043,1044",5.02,75.23,0.74,T,"1956,1957,1958,1960,1961",PISTACKING
