RESNR,RESTYPE,RESCHAIN,RESNR_LIG,RESTYPE_LIG,RESCHAIN_LIG,DIST,LIGCARBONIDX,PROTCARBONIDX,LIGCOO,PROTCOO,PROT_IDX_LIST,CENTDIST,ANGLE,OFFSET,TYPE,LIG_IDX_LIST,BOND
268,PHE,B,1,UNL,d,3.66,1991,382,"(18.43, -9.213, 58.582)","(21.209, -11.558, 58.182)",,,,,,,HYDROPHOBIC
272,THR,B,1,UNL,d,3.42,1991,417,"(18.43, -9.213, 58.582)","(17.137, -11.762, 56.702)",,,,,,,HYDROPHOBIC
277,ILE,B,1,UNL,d,3.97,1972,454,"(8.984, -3.292, 59.471)","(6.358, -5.04, 57.058)",,,,,,,HYDROPHOBIC
312,MET,B,1,UNL,d,3.94,1969,724,"(14.966, -1.457, 59.643)","(15.236, 0.768, 56.399)",,,,,,,HYDROPHOBIC
316,THR,B,1,UNL,d,3.90,1983,759,"(16.989, -2.566, 62.953)","(16.367, 1.251, 63.426)",,,,,,,HYDROPHOBIC
329,PHE,B,1,UNL,d,3.78,1970,870,"(11.213, -2.273, 59.613)","(11.808, -1.933, 63.326)",,,,,,,HYDROPHOBIC
329,PHE,B,1,UNL,d,3.90,1965,871,"(15.175, -5.043, 61.023)","(14.02, -3.267, 64.293)",,,,,,,HYDROPHOBIC
329,PHE,B,1,UNL,d,2.90,1983,873,"(16.989, -2.566, 62.953)","(14.187, -2.105, 63.53)",,,,,,,HYDROPHOBIC
340,PHE,B,1,UNL,d,3.48,1983,969,"(16.989, -2.566, 62.953)","(17.687, -5.004, 65.329)",,,,,,,HYDROPHOBIC
345,LEU,B,1,UNL,d,3.83,1990,1008,"(19.241, -8.314, 59.513)","(22.859, -8.503, 60.764)",,,,,,,HYDROPHOBIC
349,PHE,B,1,UNL,d,3.57,1986,1041,"(22.354, -2.875, 63.414)","(23.882, -4.345, 60.537)",,,,,,,HYDROPHOBIC
350,ILE,B,1,UNL,d,3.75,1986,1050,"(22.354, -2.875, 63.414)","(24.795, -4.753, 65.561)",,,,,,,HYDROPHOBIC
353,ILE,B,1,UNL,d,3.35,1986,1075,"(22.354, -2.875, 63.414)","(22.267, -0.333, 61.234)",,,,,,,HYDROPHOBIC
271,PHE,B,1,UNL,d,3.45,1989,404,"(18.411, -7.168, 60.124)","(16.35, -9.577, 61.477)",,,,,,,HYDROPHOBIC
330,LEU,B,1,UNL,d,3.19,1972,881,"(8.984, -3.292, 59.471)","(6.785, -4.78, 61.247)",,,,,,,HYDROPHOBIC
457,TRP,B,1,UNL,d,,,,"(19.351, -5.837, 56.5308)","(18.294999999999998, -4.243666666666667, 51.975)","1924,1926,1927,1928,1929,1930",4.94,64.88,1.44,T,"1956,1957,1958,1960,1961",PISTACKING
329,PHE,B,1,UNL,d,,,,"(14.136166666666666, -2.5211666666666672, 59.97533333333333)","(12.908, -2.604, 63.79916666666666)","868,869,870,871,872,873",4.02,11.03,1.72,P,"1963,1964,1966,1967,1968,1969",PISTACKING
340,PHE,B,1,UNL,d,,,,"(19.694200000000002, -3.1648, 62.6928)","(18.506, -4.906, 66.44083333333333)","965,966,967,968,969,970",4.30,24.97,1.76,P,"1981,1982,1984,1985,1987",PISTACKING
