RESNR,RESTYPE,RESCHAIN,RESNR_LIG,RESTYPE_LIG,RESCHAIN_LIG,DIST,LIGCARBONIDX,PROTCARBONIDX,LIGCOO,PROTCOO,PROT_IDX_LIST,CENTDIST,ANGLE,OFFSET,TYPE,LIG_IDX_LIST,BOND
268,PHE,B,1,UNL,d,3.78,1986,382,"(20.839, -7.833, 57.686)","(21.209, -11.558, 58.182)",,,,,,,HYDROPHOBIC
271,PHE,B,1,UNL,d,3.04,1965,406,"(14.721, -5.974, 61.813)","(15.458, -8.373, 63.527)",,,,,,,HYDROPHOBIC
275,ALA,B,1,UNL,d,3.85,1969,439,"(14.804, -3.533, 58.84)","(14.604, -6.314, 56.187)",,,,,,,HYDROPHOBIC
329,PHE,B,1,UNL,d,3.74,1965,871,"(14.721, -5.974, 61.813)","(14.02, -3.267, 64.293)",,,,,,,HYDROPHOBIC
345,LEU,B,1,UNL,d,3.74,1986,1008,"(20.839, -7.833, 57.686)","(22.859, -8.503, 60.764)",,,,,,,HYDROPHOBIC
349,PHE,B,1,UNL,d,3.63,1987,1043,"(19.657, -5.689, 58.428)","(22.668, -4.231, 59.842)",,,,,,,HYDROPHOBIC
457,TRP,B,1,UNL,d,2.90,1983,1930,"(18.462, -3.468, 55.591)","(17.378, -4.158, 52.992)",,,,,,,HYDROPHOBIC
274,LEU,B,1,UNL,d,3.05,1966,431,"(13.083, -4.385, 60.847)","(11.429, -6.921, 60.502)",,,,,,,HYDROPHOBIC
309,ILE,B,1,UNL,d,3.61,1990,702,"(18.198, -0.498, 58.137)","(19.587, -0.887, 54.827)",,,,,,,HYDROPHOBIC
312,MET,B,1,UNL,d,3.66,1990,724,"(18.198, -0.498, 58.137)","(15.236, 0.768, 56.399)",,,,,,,HYDROPHOBIC
313,LEU,B,1,UNL,d,3.70,1991,735,"(17.436, -0.065, 59.389)","(20.17, 2.424, 59.473)",,,,,,,HYDROPHOBIC
329,PHE,B,1,UNL,d,3.47,1970,870,"(11.219, -2.829, 60.024)","(11.808, -1.933, 63.326)",,,,,,,HYDROPHOBIC
330,LEU,B,1,UNL,d,2.76,1972,881,"(8.835, -3.074, 60.555)","(6.785, -4.78, 61.247)",,,,,,,HYDROPHOBIC
349,PHE,B,1,UNL,d,3.14,1988,1044,"(19.535, -2.432, 59.275)","(22.534, -3.269, 58.866)",,,,,,,HYDROPHOBIC
353,ILE,B,1,UNL,d,3.96,1989,1075,"(19.57, -1.126, 58.45)","(22.267, -0.333, 61.234)",,,,,,,HYDROPHOBIC
329,PHE,B,1,UNL,d,,,,"(13.944, -3.9600000000000004, 59.84433333333334)","(12.908, -2.604, 63.79916666666666)","868,869,870,871,872,873",4.31,28.30,1.30,P,"1963,1964,1966,1967,1968,1969",PISTACKING
340,PHE,B,1,UNL,d,,,,"(19.4812, -2.631, 63.47019999999999)","(18.506, -4.906, 66.44083333333333)","965,966,967,968,969,970",3.87,22.35,0.30,P,"1956,1957,1958,1960,1961",PISTACKING
