RESNR,RESTYPE,RESCHAIN,RESNR_LIG,RESTYPE_LIG,RESCHAIN_LIG,DIST,LIGCARBONIDX,PROTCARBONIDX,LIGCOO,PROTCOO,PROT_IDX_LIST,CENTDIST,ANGLE,OFFSET,TYPE,LIG_IDX_LIST,BOND
271,PHE,B,1,UNL,d,3.76,1986,404,"(19.302, -7.703, 60.093)","(16.35, -9.577, 61.477)",,,,,,,HYDROPHOBIC
271,PHE,B,1,UNL,d,3.46,1965,406,"(14.516, -5.776, 61.444)","(15.458, -8.373, 63.527)",,,,,,,HYDROPHOBIC
277,ILE,B,1,UNL,d,3.75,1972,454,"(8.679, -3.317, 59.446)","(6.358, -5.04, 57.058)",,,,,,,HYDROPHOBIC
329,PHE,B,1,UNL,d,3.78,1970,870,"(11.016, -2.608, 59.693)","(11.808, -1.933, 63.326)",,,,,,,HYDROPHOBIC
329,PHE,B,1,UNL,d,3.83,1965,871,"(14.516, -5.776, 61.444)","(14.02, -3.267, 64.293)",,,,,,,HYDROPHOBIC
345,LEU,B,1,UNL,d,3.44,1986,1007,"(19.302, -7.703, 60.093)","(21.729, -7.055, 62.44)",,,,,,,HYDROPHOBIC
457,TRP,B,1,UNL,d,3.40,1983,1930,"(18.772, -4.127, 56.09)","(17.378, -4.158, 52.992)",,,,,,,HYDROPHOBIC
274,LEU,B,1,UNL,d,3.14,1966,431,"(12.887, -4.136, 60.551)","(11.429, -6.921, 60.502)",,,,,,,HYDROPHOBIC
309,ILE,B,1,UNL,d,2.97,1990,702,"(21.1, -0.665, 57.372)","(19.587, -0.887, 54.827)",,,,,,,HYDROPHOBIC
313,LEU,B,1,UNL,d,3.28,1991,735,"(22.109, 0.418, 57.752)","(20.17, 2.424, 59.473)",,,,,,,HYDROPHOBIC
330,LEU,B,1,UNL,d,3.00,1972,881,"(8.679, -3.317, 59.446)","(6.785, -4.78, 61.247)",,,,,,,HYDROPHOBIC
349,PHE,B,1,UNL,d,3.07,1988,1044,"(19.764, -1.976, 59.194)","(22.534, -3.269, 58.866)",,,,,,,HYDROPHOBIC
349,PHE,B,1,UNL,d,3.28,1990,1042,"(21.1, -0.665, 57.372)","(23.593, -2.41, 58.587)",,,,,,,HYDROPHOBIC
353,ILE,B,1,UNL,d,3.62,1988,1075,"(19.764, -1.976, 59.194)","(22.267, -0.333, 61.234)",,,,,,,HYDROPHOBIC
435,HIS,B,1,UNL,d,3.60,1991,1741,"(22.109, 0.418, 57.752)","(23.836, -0.877, 54.873)",,,,,,,HYDROPHOBIC
349,PHE,B,1,UNL,d,,,,"(18.9272, -5.439, 58.539199999999994)","(23.738833333333332, -3.3758333333333326, 59.5685)","1039,1040,1041,1042,1043,1044",5.34,78.27,1.45,T,"1981,1982,1984,1985,1987",PISTACKING
329,PHE,B,1,UNL,d,,,,"(13.8685, -3.2544999999999997, 60.11883333333333)","(12.908, -2.604, 63.79916666666666)","868,869,870,871,872,873",3.86,3.85,1.42,P,"1963,1964,1966,1967,1968,1969",PISTACKING
340,PHE,B,1,UNL,d,,,,"(20.2756, -2.85, 63.19680000000001)","(18.506, -4.906, 66.44083333333333)","965,966,967,968,969,970",4.23,15.33,1.82,P,"1956,1957,1958,1960,1961",PISTACKING
