RESNR,RESTYPE,RESCHAIN,RESNR_LIG,RESTYPE_LIG,RESCHAIN_LIG,DIST,LIGCARBONIDX,PROTCARBONIDX,LIGCOO,PROTCOO,PROT_IDX_LIST,CENTDIST,ANGLE,OFFSET,TYPE,LIG_IDX_LIST,PROTCHARGED,LIG_GROUP,BOND
309,ILE,B,1,UNL,d,3.74,1986,702,"(19.351, -4.099, 56.724)","(19.587, -0.887, 54.827)",,,,,,,,,HYDROPHOBIC
312,MET,B,1,UNL,d,3.02,1965,724,"(14.652, -0.633, 59.005)","(15.236, 0.768, 56.399)",,,,,,,,,HYDROPHOBIC
313,LEU,B,1,UNL,d,3.26,1983,735,"(18.093, -0.03, 60.033)","(20.17, 2.424, 59.473)",,,,,,,,,HYDROPHOBIC
316,THR,B,1,UNL,d,3.57,1989,759,"(17.891, -1.971, 63.22)","(16.367, 1.251, 63.426)",,,,,,,,,HYDROPHOBIC
340,PHE,B,1,UNL,d,3.71,1991,967,"(20.304, -2.81, 63.401)","(18.896, -5.64, 65.341)",,,,,,,,,HYDROPHOBIC
349,PHE,B,1,UNL,d,3.93,1986,1044,"(19.351, -4.099, 56.724)","(22.534, -3.269, 58.866)",,,,,,,,,HYDROPHOBIC
353,ILE,B,1,UNL,d,3.70,1990,1074,"(19.195, -1.975, 64.04)","(20.799, 1.281, 63.344)",,,,,,,,,HYDROPHOBIC
353,ILE,B,1,UNL,d,3.83,1991,1075,"(20.304, -2.81, 63.401)","(22.267, -0.333, 61.234)",,,,,,,,,HYDROPHOBIC
274,LEU,B,1,UNL,d,3.41,1969,431,"(12.668, -3.783, 59.979)","(11.429, -6.921, 60.502)",,,,,,,,,HYDROPHOBIC
329,PHE,B,1,UNL,d,3.74,1971,870,"(8.857, -1.758, 61.03)","(11.808, -1.933, 63.326)",,,,,,,,,HYDROPHOBIC
329,PHE,B,1,UNL,d,3.72,1989,873,"(17.891, -1.971, 63.22)","(14.187, -2.105, 63.53)",,,,,,,,,HYDROPHOBIC
330,LEU,B,1,UNL,d,3.66,1972,881,"(7.581, -1.208, 61.171)","(6.785, -4.78, 61.247)",,,,,,,,,HYDROPHOBIC
340,PHE,B,1,UNL,d,3.59,1988,969,"(17.707, -3.16, 62.25)","(17.687, -5.004, 65.329)",,,,,,,,,HYDROPHOBIC
329,PHE,B,1,UNL,d,,,,"(12.470500000000001, -2.426, 59.75683333333333)","(12.908, -2.604, 63.79916666666666)","868,869,870,871,872,873",4.07,24.02,0.99,P,"1963,1964,1966,1967,1968,1969",,,PISTACKING
319,ARG,B,1,UNL,d,4.07,,,"(8.456000000000001, -0.706, 60.208333333333336)","(8.084666666666667, 2.6663333333333337, 62.459666666666664)","783,785,786",,,1.94,,"1970,1971,1972,1973,1974,1975",True,Aromatic,PICATION
