RESNR,RESTYPE,RESCHAIN,RESNR_LIG,RESTYPE_LIG,RESCHAIN_LIG,DIST,LIGCARBONIDX,PROTCARBONIDX,LIGCOO,PROTCOO,PROT_IDX_LIST,CENTDIST,ANGLE,OFFSET,TYPE,LIG_IDX_LIST,BOND
275,ALA,B,1,UNL,d,3.70,1969,439,"(14.836, -4.527, 59.421)","(14.604, -6.314, 56.187)",,,,,,,HYDROPHOBIC
309,ILE,B,1,UNL,d,3.57,1991,702,"(19.942, -0.568, 58.367)","(19.587, -0.887, 54.827)",,,,,,,HYDROPHOBIC
312,MET,B,1,UNL,d,3.40,1965,724,"(16.284, -0.99, 59.12)","(15.236, 0.768, 56.399)",,,,,,,HYDROPHOBIC
315,GLU,B,1,UNL,d,3.70,1980,749,"(7.944, 2.231, 57.414)","(10.579, 4.641, 58.385)",,,,,,,HYDROPHOBIC
316,THR,B,1,UNL,d,3.31,1984,759,"(16.928, -1.864, 62.442)","(16.367, 1.251, 63.426)",,,,,,,HYDROPHOBIC
329,PHE,B,1,UNL,d,3.62,1972,867,"(9.361, -3.227, 60.819)","(10.245, -3.635, 64.309)",,,,,,,HYDROPHOBIC
329,PHE,B,1,UNL,d,2.96,1984,873,"(16.928, -1.864, 62.442)","(14.187, -2.105, 63.53)",,,,,,,HYDROPHOBIC
340,PHE,B,1,UNL,d,3.79,1987,965,"(21.637, -2.628, 64.927)","(19.739, -5.54, 66.446)",,,,,,,HYDROPHOBIC
349,PHE,B,1,UNL,d,3.76,1988,1043,"(20.482, -3.219, 62.723)","(22.668, -4.231, 59.842)",,,,,,,HYDROPHOBIC
350,ILE,B,1,UNL,d,3.65,1987,1051,"(21.637, -2.628, 64.927)","(24.372, -2.977, 67.316)",,,,,,,HYDROPHOBIC
354,PHE,B,1,UNL,d,3.81,1987,1084,"(21.637, -2.628, 64.927)","(20.841, -1.166, 68.358)",,,,,,,HYDROPHOBIC
313,LEU,B,1,UNL,d,3.20,1991,735,"(19.942, -0.568, 58.367)","(20.17, 2.424, 59.473)",,,,,,,HYDROPHOBIC
329,PHE,B,1,UNL,d,3.36,1971,870,"(10.705, -3.523, 60.583)","(11.808, -1.933, 63.326)",,,,,,,HYDROPHOBIC
329,PHE,B,1,UNL,d,3.66,1967,872,"(13.03, -2.901, 59.709)","(13.084, -1.435, 63.061)",,,,,,,HYDROPHOBIC
330,LEU,B,1,UNL,d,3.04,1972,881,"(9.361, -3.227, 60.819)","(6.785, -4.78, 61.247)",,,,,,,HYDROPHOBIC
349,PHE,B,1,UNL,d,2.98,1989,1044,"(19.622, -2.865, 59.37)","(22.534, -3.269, 58.866)",,,,,,,HYDROPHOBIC
353,ILE,B,1,UNL,d,3.30,1990,1075,"(19.571, -1.348, 59.625)","(22.267, -0.333, 61.234)",,,,,,,HYDROPHOBIC
340,PHE,B,1,UNL,d,,,,"(19.52, -2.618, 63.132600000000004)","(18.506, -4.906, 66.44083333333333)","965,966,967,968,969,970",4.15,4.97,1.99,P,"1982,1983,1985,1986,1988",PISTACKING
