RESNR,RESTYPE,RESCHAIN,RESNR_LIG,RESTYPE_LIG,RESCHAIN_LIG,DIST,LIGCARBONIDX,PROTCARBONIDX,LIGCOO,PROTCOO,PROT_IDX_LIST,CENTDIST,ANGLE,OFFSET,TYPE,LIG_IDX_LIST,BOND
271,PHE,B,1,UNL,d,2.83,1965,406,"(14.835, -6.071, 62.012)","(15.458, -8.373, 63.527)",,,,,,,HYDROPHOBIC
274,LEU,B,1,UNL,d,3.80,1965,433,"(14.835, -6.071, 62.012)","(11.232, -6.739, 63.002)",,,,,,,HYDROPHOBIC
309,ILE,B,1,UNL,d,3.68,1991,702,"(18.239, -0.463, 58.23)","(19.587, -0.887, 54.827)",,,,,,,HYDROPHOBIC
312,MET,B,1,UNL,d,3.73,1991,724,"(18.239, -0.463, 58.23)","(15.236, 0.768, 56.399)",,,,,,,HYDROPHOBIC
313,LEU,B,1,UNL,d,3.69,1991,735,"(18.239, -0.463, 58.23)","(20.17, 2.424, 59.473)",,,,,,,HYDROPHOBIC
315,GLU,B,1,UNL,d,3.71,1980,749,"(8.329, 1.926, 57.236)","(10.579, 4.641, 58.385)",,,,,,,HYDROPHOBIC
329,PHE,B,1,UNL,d,3.80,1972,867,"(8.96, -3.018, 60.787)","(10.245, -3.635, 64.309)",,,,,,,HYDROPHOBIC
329,PHE,B,1,UNL,d,3.82,1967,872,"(12.668, -3.661, 59.99)","(13.084, -1.435, 63.061)",,,,,,,HYDROPHOBIC
438,GLN,B,1,UNL,d,3.67,1987,1767,"(22.296, -6.261, 55.868)","(25.479, -6.296, 57.699)",,,,,,,HYDROPHOBIC
439,VAL,B,1,UNL,d,3.86,1987,1776,"(22.296, -6.261, 55.868)","(24.044, -5.589, 52.495)",,,,,,,HYDROPHOBIC
274,LEU,B,1,UNL,d,3.00,1966,431,"(13.166, -4.524, 60.997)","(11.429, -6.921, 60.502)",,,,,,,HYDROPHOBIC
275,ALA,B,1,UNL,d,3.36,1969,439,"(14.713, -4.106, 58.722)","(14.604, -6.314, 56.187)",,,,,,,HYDROPHOBIC
329,PHE,B,1,UNL,d,3.40,1970,870,"(11.322, -2.975, 60.125)","(11.808, -1.933, 63.326)",,,,,,,HYDROPHOBIC
329,PHE,B,1,UNL,d,3.63,1966,871,"(13.166, -4.524, 60.997)","(14.02, -3.267, 64.293)",,,,,,,HYDROPHOBIC
330,LEU,B,1,UNL,d,2.84,1972,881,"(8.96, -3.018, 60.787)","(6.785, -4.78, 61.247)",,,,,,,HYDROPHOBIC
340,PHE,B,1,UNL,d,,,,"(19.464199999999998, -2.9756, 62.708600000000004)","(18.506, -4.906, 66.44083333333333)","965,966,967,968,969,970",4.31,24.96,1.37,P,"1956,1957,1958,1960,1961",PISTACKING
