RESNR,RESTYPE,RESCHAIN,RESNR_LIG,RESTYPE_LIG,RESCHAIN_LIG,DIST,LIGCARBONIDX,PROTCARBONIDX,LIGCOO,PROTCOO,PROT_IDX_LIST,CENTDIST,ANGLE,OFFSET,TYPE,LIG_IDX_LIST,BOND
271,PHE,B,1,UNL,d,3.26,1987,407,"(19.115, -7.08, 62.238)","(17.52, -9.517, 63.7)",,,,,,,HYDROPHOBIC
271,PHE,B,1,UNL,d,3.70,1965,406,"(14.321, -5.619, 61.332)","(15.458, -8.373, 63.527)",,,,,,,HYDROPHOBIC
275,ALA,B,1,UNL,d,3.22,1984,439,"(17.502, -7.377, 57.116)","(14.604, -6.314, 56.187)",,,,,,,HYDROPHOBIC
277,ILE,B,1,UNL,d,3.58,1972,454,"(8.455, -3.203, 59.31)","(6.358, -5.04, 57.058)",,,,,,,HYDROPHOBIC
329,PHE,B,1,UNL,d,3.92,1970,870,"(10.781, -2.472, 59.586)","(11.808, -1.933, 63.326)",,,,,,,HYDROPHOBIC
329,PHE,B,1,UNL,d,3.79,1965,871,"(14.321, -5.619, 61.332)","(14.02, -3.267, 64.293)",,,,,,,HYDROPHOBIC
340,PHE,B,1,UNL,d,3.43,1987,967,"(19.115, -7.08, 62.238)","(18.896, -5.64, 65.341)",,,,,,,HYDROPHOBIC
345,LEU,B,1,UNL,d,2.62,1987,1007,"(19.115, -7.08, 62.238)","(21.729, -7.055, 62.44)",,,,,,,HYDROPHOBIC
349,PHE,B,1,UNL,d,3.62,1991,1044,"(20.486, -5.237, 56.616)","(22.534, -3.269, 58.866)",,,,,,,HYDROPHOBIC
457,TRP,B,1,UNL,d,3.74,1990,1930,"(19.207, -4.495, 56.241)","(17.378, -4.158, 52.992)",,,,,,,HYDROPHOBIC
274,LEU,B,1,UNL,d,3.17,1966,431,"(12.652, -3.995, 60.446)","(11.429, -6.921, 60.502)",,,,,,,HYDROPHOBIC
309,ILE,B,1,UNL,d,3.76,1989,702,"(18.774, -3.537, 57.365)","(19.587, -0.887, 54.827)",,,,,,,HYDROPHOBIC
330,LEU,B,1,UNL,d,3.00,1972,881,"(8.455, -3.203, 59.31)","(6.785, -4.78, 61.247)",,,,,,,HYDROPHOBIC
329,PHE,B,1,UNL,d,,,,"(13.630833333333335, -3.091333333333333, 60.046666666666674)","(12.908, -2.604, 63.79916666666666)","868,869,870,871,872,873",3.85,5.46,1.35,P,"1963,1964,1966,1967,1968,1969",PISTACKING
