RESNR,RESTYPE,RESCHAIN,RESNR_LIG,RESTYPE_LIG,RESCHAIN_LIG,DIST,LIGCARBONIDX,PROTCARBONIDX,LIGCOO,PROTCOO,PROT_IDX_LIST,CENTDIST,ANGLE,OFFSET,TYPE,LIG_IDX_LIST,BOND
277,ILE,B,1,UNL,d,3.95,1972,454,"(9.039, -3.331, 59.401)","(6.358, -5.04, 57.058)",,,,,,,HYDROPHOBIC
312,MET,B,1,UNL,d,3.82,1969,724,"(14.936, -1.248, 59.624)","(15.236, 0.768, 56.399)",,,,,,,HYDROPHOBIC
316,THR,B,1,UNL,d,3.65,1984,759,"(17.079, -2.303, 63.033)","(16.367, 1.251, 63.426)",,,,,,,HYDROPHOBIC
329,PHE,B,1,UNL,d,3.81,1970,870,"(11.22, -2.221, 59.573)","(11.808, -1.933, 63.326)",,,,,,,HYDROPHOBIC
329,PHE,B,1,UNL,d,3.91,1965,871,"(15.321, -4.826, 60.947)","(14.02, -3.267, 64.293)",,,,,,,HYDROPHOBIC
329,PHE,B,1,UNL,d,2.94,1984,873,"(17.079, -2.303, 63.033)","(14.187, -2.105, 63.53)",,,,,,,HYDROPHOBIC
340,PHE,B,1,UNL,d,3.60,1984,969,"(17.079, -2.303, 63.033)","(17.687, -5.004, 65.329)",,,,,,,HYDROPHOBIC
345,LEU,B,1,UNL,d,3.82,1991,1008,"(19.213, -8.199, 59.67)","(22.859, -8.503, 60.764)",,,,,,,HYDROPHOBIC
349,PHE,B,1,UNL,d,3.42,1987,1041,"(22.386, -3.118, 63.353)","(23.882, -4.345, 60.537)",,,,,,,HYDROPHOBIC
350,ILE,B,1,UNL,d,3.65,1987,1050,"(22.386, -3.118, 63.353)","(24.795, -4.753, 65.561)",,,,,,,HYDROPHOBIC
353,ILE,B,1,UNL,d,3.50,1987,1075,"(22.386, -3.118, 63.353)","(22.267, -0.333, 61.234)",,,,,,,HYDROPHOBIC
271,PHE,B,1,UNL,d,3.47,1990,404,"(18.578, -7.093, 60.508)","(16.35, -9.577, 61.477)",,,,,,,HYDROPHOBIC
330,LEU,B,1,UNL,d,3.25,1972,881,"(9.039, -3.331, 59.401)","(6.785, -4.78, 61.247)",,,,,,,HYDROPHOBIC
345,LEU,B,1,UNL,d,3.70,1990,1007,"(18.578, -7.093, 60.508)","(21.729, -7.055, 62.44)",,,,,,,HYDROPHOBIC
329,PHE,B,1,UNL,d,,,,"(14.147833333333333, -2.3528333333333333, 59.93533333333334)","(12.908, -2.604, 63.79916666666666)","868,869,870,871,872,873",4.07,12.45,1.78,P,"1963,1964,1966,1967,1968,1969",PISTACKING
340,PHE,B,1,UNL,d,,,,"(19.699600000000004, -3.1737999999999995, 62.660000000000004)","(18.506, -4.906, 66.44083333333333)","965,966,967,968,969,970",4.33,21.82,1.82,P,"1982,1983,1985,1986,1988",PISTACKING
