RESNR,RESTYPE,RESCHAIN,RESNR_LIG,RESTYPE_LIG,RESCHAIN_LIG,DIST,LIGCARBONIDX,PROTCARBONIDX,LIGCOO,PROTCOO,PROT_IDX_LIST,CENTDIST,ANGLE,OFFSET,TYPE,LIG_IDX_LIST,BOND
268,PHE,B,1,UNL,d,3.65,1991,382,"(18.866, -8.974, 59.25)","(21.209, -11.558, 58.182)",,,,,,,HYDROPHOBIC
271,PHE,B,1,UNL,d,2.74,1965,406,"(14.476, -6.36, 61.957)","(15.458, -8.373, 63.527)",,,,,,,HYDROPHOBIC
275,ALA,B,1,UNL,d,3.59,1984,439,"(17.19, -3.979, 57.069)","(14.604, -6.314, 56.187)",,,,,,,HYDROPHOBIC
315,GLU,B,1,UNL,d,3.55,1980,749,"(8.727, 2.143, 56.676)","(10.579, 4.641, 58.385)",,,,,,,HYDROPHOBIC
329,PHE,B,1,UNL,d,3.90,1965,871,"(14.476, -6.36, 61.957)","(14.02, -3.267, 64.293)",,,,,,,HYDROPHOBIC
330,LEU,B,1,UNL,d,3.33,1972,881,"(9.159, -3.225, 59.502)","(6.785, -4.78, 61.247)",,,,,,,HYDROPHOBIC
345,LEU,B,1,UNL,d,3.40,1990,1007,"(19.243, -7.91, 60.277)","(21.729, -7.055, 62.44)",,,,,,,HYDROPHOBIC
349,PHE,B,1,UNL,d,3.50,1988,1043,"(20.355, -5.952, 57.864)","(22.668, -4.231, 59.842)",,,,,,,HYDROPHOBIC
271,PHE,B,1,UNL,d,3.41,1991,404,"(18.866, -8.974, 59.25)","(16.35, -9.577, 61.477)",,,,,,,HYDROPHOBIC
274,LEU,B,1,UNL,d,2.95,1966,431,"(13.116, -4.543, 60.931)","(11.429, -6.921, 60.502)",,,,,,,HYDROPHOBIC
329,PHE,B,1,UNL,d,3.54,1970,870,"(11.541, -2.8, 59.909)","(11.808, -1.933, 63.326)",,,,,,,HYDROPHOBIC
329,PHE,B,1,UNL,d,,,,"(14.232333333333335, -3.763333333333333, 60.64883333333333)","(12.908, -2.604, 63.79916666666666)","868,869,870,871,872,873",3.61,6.20,1.11,P,"1963,1964,1966,1967,1968,1969",PISTACKING
340,PHE,B,1,UNL,d,,,,"(19.4976, -2.261, 63.267999999999994)","(18.506, -4.906, 66.44083333333333)","965,966,967,968,969,970",4.25,9.70,1.82,P,"1956,1957,1958,1960,1961",PISTACKING
