RESNR,RESTYPE,RESCHAIN,RESNR_LIG,RESTYPE_LIG,RESCHAIN_LIG,DIST,LIGCARBONIDX,PROTCARBONIDX,LIGCOO,PROTCOO,PROT_IDX_LIST,CENTDIST,ANGLE,OFFSET,TYPE,LIG_IDX_LIST,BOND
268,PHE,B,1,UNL,d,2.86,1987,380,"(19.866, -10.119, 61.133)","(20.871, -12.145, 59.387)",,,,,,,HYDROPHOBIC
271,PHE,B,1,UNL,d,3.53,1987,407,"(19.866, -10.119, 61.133)","(17.52, -9.517, 63.7)",,,,,,,HYDROPHOBIC
271,PHE,B,1,UNL,d,3.80,1988,404,"(19.525, -7.613, 60.757)","(16.35, -9.577, 61.477)",,,,,,,HYDROPHOBIC
271,PHE,B,1,UNL,d,3.79,1965,406,"(15.797, -5.321, 61.305)","(15.458, -8.373, 63.527)",,,,,,,HYDROPHOBIC
275,ALA,B,1,UNL,d,3.08,1984,439,"(17.089, -6.802, 57.938)","(14.604, -6.314, 56.187)",,,,,,,HYDROPHOBIC
315,GLU,B,1,UNL,d,3.66,1980,749,"(7.929, 2.278, 57.514)","(10.579, 4.641, 58.385)",,,,,,,HYDROPHOBIC
343,ALA,B,1,UNL,d,3.57,1987,996,"(19.866, -10.119, 61.133)","(20.282, -11.648, 64.333)",,,,,,,HYDROPHOBIC
345,LEU,B,1,UNL,d,3.42,1987,1008,"(19.866, -10.119, 61.133)","(22.859, -8.503, 60.764)",,,,,,,HYDROPHOBIC
349,PHE,B,1,UNL,d,3.22,1990,1043,"(20.278, -3.679, 61.934)","(22.668, -4.231, 59.842)",,,,,,,HYDROPHOBIC
353,ILE,B,1,UNL,d,3.95,1990,1075,"(20.278, -3.679, 61.934)","(22.267, -0.333, 61.234)",,,,,,,HYDROPHOBIC
274,LEU,B,1,UNL,d,3.28,1971,431,"(10.918, -3.715, 60.059)","(11.429, -6.921, 60.502)",,,,,,,HYDROPHOBIC
329,PHE,B,1,UNL,d,3.46,1966,873,"(13.882, -3.899, 60.585)","(14.187, -2.105, 63.53)",,,,,,,HYDROPHOBIC
329,PHE,B,1,UNL,d,3.32,1967,872,"(13.287, -2.745, 60.019)","(13.084, -1.435, 63.061)",,,,,,,HYDROPHOBIC
329,PHE,B,1,UNL,d,3.49,1970,870,"(11.781, -2.6, 59.905)","(11.808, -1.933, 63.326)",,,,,,,HYDROPHOBIC
330,LEU,B,1,UNL,d,3.26,1972,881,"(9.532, -3.58, 59.956)","(6.785, -4.78, 61.247)",,,,,,,HYDROPHOBIC
345,LEU,B,1,UNL,d,2.83,1988,1007,"(19.525, -7.613, 60.757)","(21.729, -7.055, 62.44)",,,,,,,HYDROPHOBIC
345,LEU,B,1,UNL,d,3.58,1989,1007,"(19.14, -4.69, 61.711)","(21.729, -7.055, 62.44)",,,,,,,HYDROPHOBIC
435,HIS,B,1,UNL,d,,,,"(20.494, -5.6796, 56.5394)","(22.211800000000004, -2.5758, 53.632600000000004)","1742,1743,1744,1745,1746",4.59,89.63,1.33,T,"1956,1957,1958,1960,1961",PISTACKING
