RESNR,RESTYPE,RESCHAIN,RESNR_LIG,RESTYPE_LIG,RESCHAIN_LIG,DIST,LIGCARBONIDX,PROTCARBONIDX,LIGCOO,PROTCOO,PROT_IDX_LIST,PROTISPOS,LIG_GROUP,LIG_IDX_LIST,OFFSET,PROTCHARGED,BOND
260,LEU,A,1,UNL,d,3.62,1850,305,"(47.218, 14.697, -4.163)","(47.279, 11.179, -5.035)",,,,,,,HYDROPHOBIC
315,PHE,A,1,UNL,d,3.73,1851,733,"(46.212, 15.644, -3.998)","(46.696, 16.89, -7.479)",,,,,,,HYDROPHOBIC
316,LEU,A,1,UNL,d,3.25,1849,745,"(48.561, 15.073, -4.092)","(50.583, 12.697, -4.996)",,,,,,,HYDROPHOBIC
316,LEU,A,1,UNL,d,3.54,1847,744,"(52.715, 16.585, -4.498)","(53.02, 13.124, -5.151)",,,,,,,HYDROPHOBIC
267,GLU,A,1,UNL,d,5.20,,,"(55.59, 16.79, -3.519)","(52.0305, 16.5965, 0.267)","355,356",False,Tertamine,1830,,,SALTBRIDGE
305,ARG,A,1,UNL,d,5.32,,,"(55.9774, 18.181400000000004, -6.7792)","(51.32833333333334, 20.448333333333334, -5.541666666666667)","656,658,659",,Aromatic,"1860,1861,1863,1864,1866",1.48,True,PICATION
305,ARG,A,1,UNL,d,3.75,,,"(51.779666666666664, 17.218666666666667, -3.6986666666666665)","(51.32833333333334, 20.448333333333334, -5.541666666666667)","656,658,659",,Aromatic,"1841,1842,1844,1845,1846,1847",1.09,True,PICATION
