RESNR,RESTYPE,RESCHAIN,RESNR_LIG,RESTYPE_LIG,RESCHAIN_LIG,DIST,LIGCARBONIDX,PROTCARBONIDX,LIGCOO,PROTCOO,PROT_IDX_LIST,CENTDIST,ANGLE,OFFSET,TYPE,LIG_IDX_LIST,BOND
257,PHE,A,1,UNL,d,2.67,1843,279,"(42.913, 13.652, -6.297)","(41.415, 13.405, -8.491)",,,,,,,HYDROPHOBIC
260,LEU,A,1,UNL,d,3.36,1843,304,"(42.913, 13.652, -6.297)","(45.411, 11.453, -6.735)",,,,,,,HYDROPHOBIC
295,ILE,A,1,UNL,d,3.11,1862,575,"(38.989, 17.676, -2.619)","(37.578, 20.211, -1.49)",,,,,,,HYDROPHOBIC
298,MET,A,1,UNL,d,3.75,1849,596,"(45.063, 18.452, -2.957)","(42.133, 20.138, -1.325)",,,,,,,HYDROPHOBIC
299,LEU,A,1,UNL,d,3.78,1865,607,"(40.074, 19.615, -7.539)","(38.964, 22.54, -5.426)",,,,,,,HYDROPHOBIC
302,THR,A,1,UNL,d,3.42,1865,631,"(40.074, 19.615, -7.539)","(42.741, 21.364, -8.782)",,,,,,,HYDROPHOBIC
315,PHE,A,1,UNL,d,3.74,1844,737,"(43.869, 15.391, -4.833)","(44.415, 17.465, -7.901)",,,,,,,HYDROPHOBIC
315,PHE,A,1,UNL,d,3.94,1848,735,"(45.126, 17.111, -3.414)","(45.616, 17.735, -7.271)",,,,,,,HYDROPHOBIC
315,PHE,A,1,UNL,d,3.92,1843,736,"(42.913, 13.652, -6.297)","(44.305, 16.368, -8.765)",,,,,,,HYDROPHOBIC
331,LEU,A,1,UNL,d,3.61,1859,869,"(36.692, 15.902, -4.379)","(34.856, 14.03, -6.861)",,,,,,,HYDROPHOBIC
331,LEU,A,1,UNL,d,3.86,1866,868,"(39.055, 17.558, -6.408)","(35.963, 15.914, -8.038)",,,,,,,HYDROPHOBIC
335,PHE,A,1,UNL,d,3.83,1859,904,"(36.692, 15.902, -4.379)","(34.622, 18.847, -5.682)",,,,,,,HYDROPHOBIC
339,ILE,A,1,UNL,d,3.35,1865,935,"(40.074, 19.615, -7.539)","(38.866, 22.015, -9.545)",,,,,,,HYDROPHOBIC
443,TRP,A,1,UNL,d,3.64,1862,1794,"(38.989, 17.676, -2.619)","(37.916, 16.162, 0.518)",,,,,,,HYDROPHOBIC
260,LEU,A,1,UNL,d,3.74,1842,302,"(42.713, 14.671, -5.197)","(44.966, 11.816, -4.326)",,,,,,,HYDROPHOBIC
261,ALA,A,1,UNL,d,3.44,1847,310,"(41.505, 15.845, -3.463)","(41.291, 13.653, -0.824)",,,,,,,HYDROPHOBIC
301,GLU,A,1,UNL,d,2.95,1850,620,"(46.219, 19.155, -2.609)","(47.203, 21.813, -3.42)",,,,,,,HYDROPHOBIC
257,PHE,A,1,UNL,d,,,,"(42.68283333333333, 15.618833333333333, -4.152333333333334)","(40.187666666666665, 12.973999999999998, -7.973499999999999)","276,277,278,279,280,281",5.27,67.69,1.66,T,"1841,1842,1844,1845,1846,1847",PISTACKING
