RESNR,RESTYPE,RESCHAIN,RESNR_LIG,RESTYPE_LIG,RESCHAIN_LIG,DIST,LIGCARBONIDX,PROTCARBONIDX,LIGCOO,PROTCOO,PROT_IDX_LIST,CENTDIST,ANGLE,OFFSET,TYPE,LIG_IDX_LIST,BOND
271,PHE,B,1,UNL,d,3.04,1965,406,"(15.756, -5.527, 62.509)","(15.458, -8.373, 63.527)",,,,,,,HYDROPHOBIC
272,THR,B,1,UNL,d,3.98,1984,417,"(17.691, -7.908, 57.524)","(17.137, -11.762, 56.702)",,,,,,,HYDROPHOBIC
309,ILE,B,1,UNL,d,3.33,1981,702,"(18.611, -3.463, 56.706)","(19.587, -0.887, 54.827)",,,,,,,HYDROPHOBIC
329,PHE,B,1,UNL,d,3.22,1966,873,"(13.969, -4.377, 61.258)","(14.187, -2.105, 63.53)",,,,,,,HYDROPHOBIC
329,PHE,B,1,UNL,d,3.77,1967,872,"(13.351, -3.796, 60.13)","(13.084, -1.435, 63.061)",,,,,,,HYDROPHOBIC
340,PHE,B,1,UNL,d,3.46,1965,969,"(15.756, -5.527, 62.509)","(17.687, -5.004, 65.329)",,,,,,,HYDROPHOBIC
349,PHE,B,1,UNL,d,3.87,1988,1044,"(20.483, -5.552, 56.506)","(22.534, -3.269, 58.866)",,,,,,,HYDROPHOBIC
438,GLN,B,1,UNL,d,3.65,1987,1767,"(22.564, -6.69, 55.545)","(25.479, -6.296, 57.699)",,,,,,,HYDROPHOBIC
439,VAL,B,1,UNL,d,3.56,1987,1776,"(22.564, -6.69, 55.545)","(24.044, -5.589, 52.495)",,,,,,,HYDROPHOBIC
442,LEU,B,1,UNL,d,3.62,1987,1800,"(22.564, -6.69, 55.545)","(23.829, -10.068, 55.218)",,,,,,,HYDROPHOBIC
457,TRP,B,1,UNL,d,3.97,1981,1930,"(18.611, -3.463, 56.706)","(17.378, -4.158, 52.992)",,,,,,,HYDROPHOBIC
274,LEU,B,1,UNL,d,2.92,1971,431,"(10.844, -4.057, 60.584)","(11.429, -6.921, 60.502)",,,,,,,HYDROPHOBIC
275,ALA,B,1,UNL,d,3.48,1969,439,"(15.399, -4.269, 58.888)","(14.604, -6.314, 56.187)",,,,,,,HYDROPHOBIC
329,PHE,B,1,UNL,d,3.74,1972,867,"(9.544, -3.548, 60.635)","(10.245, -3.635, 64.309)",,,,,,,HYDROPHOBIC
329,PHE,B,1,UNL,d,3.36,1965,871,"(15.756, -5.527, 62.509)","(14.02, -3.267, 64.293)",,,,,,,HYDROPHOBIC
330,LEU,B,1,UNL,d,3.08,1972,881,"(9.544, -3.548, 60.635)","(6.785, -4.78, 61.247)",,,,,,,HYDROPHOBIC
329,PHE,B,1,UNL,d,,,,"(10.602, -2.7276666666666665, 60.24216666666666)","(12.908, -2.604, 63.79916666666666)","868,869,870,871,872,873",4.24,18.41,1.98,P,"1970,1971,1972,1973,1974,1975",PISTACKING
