RESNR,RESTYPE,RESCHAIN,RESNR_LIG,RESTYPE_LIG,RESCHAIN_LIG,DIST,LIGCARBONIDX,PROTCARBONIDX,LIGCOO,PROTCOO,PROT_IDX_LIST,CENTDIST,ANGLE,OFFSET,TYPE,LIG_IDX_LIST,BOND
268,PHE,B,1,UNL,d,3.97,1981,382,"(19.112, -8.589, 59.771)","(21.209, -11.558, 58.182)",,,,,,,HYDROPHOBIC
271,PHE,B,1,UNL,d,3.39,1981,404,"(19.112, -8.589, 59.771)","(16.35, -9.577, 61.477)",,,,,,,HYDROPHOBIC
312,MET,B,1,UNL,d,3.61,1971,724,"(13.481, -0.35, 59.345)","(15.236, 0.768, 56.399)",,,,,,,HYDROPHOBIC
315,GLU,B,1,UNL,d,3.58,1972,748,"(12.279, 0.354, 59.449)","(11.424, 3.831, 59.375)",,,,,,,HYDROPHOBIC
349,PHE,B,1,UNL,d,3.65,1988,1043,"(21.253, -6.726, 57.592)","(22.668, -4.231, 59.842)",,,,,,,HYDROPHOBIC
438,GLN,B,1,UNL,d,3.58,1987,1767,"(22.671, -6.393, 55.488)","(25.479, -6.296, 57.699)",,,,,,,HYDROPHOBIC
439,VAL,B,1,UNL,d,3.39,1987,1776,"(22.671, -6.393, 55.488)","(24.044, -5.589, 52.495)",,,,,,,HYDROPHOBIC
442,LEU,B,1,UNL,d,3.86,1987,1800,"(22.671, -6.393, 55.488)","(23.829, -10.068, 55.218)",,,,,,,HYDROPHOBIC
453,LEU,B,1,UNL,d,3.96,1984,1892,"(17.656, -7.745, 56.958)","(15.928, -8.521, 53.48)",,,,,,,HYDROPHOBIC
275,ALA,B,1,UNL,d,3.70,1969,439,"(16.04, -4.64, 59.162)","(14.604, -6.314, 56.187)",,,,,,,HYDROPHOBIC
329,PHE,B,1,UNL,d,,,,"(12.286666666666667, -1.0373333333333334, 59.556999999999995)","(12.908, -2.604, 63.79916666666666)","868,869,870,871,872,873",4.56,28.49,1.89,P,"1970,1971,1972,1973,1974,1975",PISTACKING
