RESNR,RESTYPE,RESCHAIN,RESNR_LIG,RESTYPE_LIG,RESCHAIN_LIG,DIST,LIGCARBONIDX,PROTCARBONIDX,LIGCOO,PROTCOO,PROT_IDX_LIST,CENTDIST,ANGLE,OFFSET,TYPE,LIG_IDX_LIST,BOND
271,PHE,B,1,UNL,d,3.92,1965,406,"(14.864, -5.237, 61.246)","(15.458, -8.373, 63.527)",,,,,,,HYDROPHOBIC
275,ALA,B,1,UNL,d,3.15,1984,439,"(16.542, -6.627, 58.647)","(14.604, -6.314, 56.187)",,,,,,,HYDROPHOBIC
277,ILE,B,1,UNL,d,3.74,1972,454,"(8.854, -3.334, 59.26)","(6.358, -5.04, 57.058)",,,,,,,HYDROPHOBIC
309,ILE,B,1,UNL,d,3.89,1981,702,"(19.171, -2.78, 58.202)","(19.587, -0.887, 54.827)",,,,,,,HYDROPHOBIC
329,PHE,B,1,UNL,d,3.83,1970,870,"(11.088, -2.376, 59.595)","(11.808, -1.933, 63.326)",,,,,,,HYDROPHOBIC
329,PHE,B,1,UNL,d,3.73,1965,871,"(14.864, -5.237, 61.246)","(14.02, -3.267, 64.293)",,,,,,,HYDROPHOBIC
349,PHE,B,1,UNL,d,3.46,1981,1044,"(19.171, -2.78, 58.202)","(22.534, -3.269, 58.866)",,,,,,,HYDROPHOBIC
457,TRP,B,1,UNL,d,3.78,1987,1929,"(20.667, -6.706, 55.165)","(18.079, -5.348, 52.766)",,,,,,,HYDROPHOBIC
330,LEU,B,1,UNL,d,3.21,1972,881,"(8.854, -3.334, 59.26)","(6.785, -4.78, 61.247)",,,,,,,HYDROPHOBIC
329,PHE,B,1,UNL,d,,,,"(13.985999999999999, -2.712, 60.07433333333333)","(12.908, -2.604, 63.79916666666666)","868,869,870,871,872,873",3.88,8.56,1.60,P,"1963,1964,1966,1967,1968,1969",PISTACKING
340,PHE,B,1,UNL,d,,,,"(20.1328, -3.2922, 62.948)","(18.506, -4.906, 66.44083333333333)","965,966,967,968,969,970",4.18,21.32,1.98,P,"1956,1957,1958,1960,1961",PISTACKING
