RESNR,RESTYPE,RESCHAIN,RESNR_LIG,RESTYPE_LIG,RESCHAIN_LIG,DIST,LIGCARBONIDX,PROTCARBONIDX,LIGCOO,PROTCOO,PROT_IDX_LIST,CENTDIST,ANGLE,OFFSET,TYPE,LIG_IDX_LIST,BOND
271,PHE,B,1,UNL,d,2.92,1965,406,"(14.321, -6.057, 62.157)","(15.458, -8.373, 63.527)",,,,,,,HYDROPHOBIC
274,LEU,B,1,UNL,d,3.27,1965,433,"(14.321, -6.057, 62.157)","(11.232, -6.739, 63.002)",,,,,,,HYDROPHOBIC
312,MET,B,1,UNL,d,3.82,1971,724,"(13.229, -0.705, 59.29)","(15.236, 0.768, 56.399)",,,,,,,HYDROPHOBIC
316,THR,B,1,UNL,d,3.97,1987,759,"(18.775, -1.909, 63.451)","(16.367, 1.251, 63.426)",,,,,,,HYDROPHOBIC
329,PHE,B,1,UNL,d,3.38,1966,873,"(13.683, -4.075, 60.835)","(14.187, -2.105, 63.53)",,,,,,,HYDROPHOBIC
329,PHE,B,1,UNL,d,3.51,1975,870,"(11.387, -2.167, 59.854)","(11.808, -1.933, 63.326)",,,,,,,HYDROPHOBIC
345,LEU,B,1,UNL,d,3.31,1981,1007,"(20.438, -6.053, 59.556)","(21.729, -7.055, 62.44)",,,,,,,HYDROPHOBIC
349,PHE,B,1,UNL,d,2.89,1981,1043,"(20.438, -6.053, 59.556)","(22.668, -4.231, 59.842)",,,,,,,HYDROPHOBIC
349,PHE,B,1,UNL,d,3.69,1984,1044,"(18.901, -3.307, 58.238)","(22.534, -3.269, 58.866)",,,,,,,HYDROPHOBIC
353,ILE,B,1,UNL,d,3.78,1987,1074,"(18.775, -1.909, 63.451)","(20.799, 1.281, 63.344)",,,,,,,HYDROPHOBIC
274,LEU,B,1,UNL,d,3.63,1964,431,"(14.57, -5.163, 60.962)","(11.429, -6.921, 60.502)",,,,,,,HYDROPHOBIC
275,ALA,B,1,UNL,d,3.43,1969,439,"(15.621, -4.475, 58.896)","(14.604, -6.314, 56.187)",,,,,,,HYDROPHOBIC
315,GLU,B,1,UNL,d,3.59,1972,748,"(12.339, 0.366, 59.179)","(11.424, 3.831, 59.375)",,,,,,,HYDROPHOBIC
329,PHE,B,1,UNL,d,3.53,1965,871,"(14.321, -6.057, 62.157)","(14.02, -3.267, 64.293)",,,,,,,HYDROPHOBIC
329,PHE,B,1,UNL,d,3.49,1970,872,"(12.777, -2.006, 59.631)","(13.084, -1.435, 63.061)",,,,,,,HYDROPHOBIC
349,PHE,B,1,UNL,d,,,,"(18.884, -3.2329999999999997, 61.019000000000005)","(23.738833333333332, -3.3758333333333326, 59.5685)","1039,1040,1041,1042,1043,1044",5.07,72.84,1.58,T,"1982,1983,1985,1986,1988",PISTACKING
