RESNR,RESTYPE,RESCHAIN,RESNR_LIG,RESTYPE_LIG,RESCHAIN_LIG,DIST,LIGCARBONIDX,PROTCARBONIDX,LIGCOO,PROTCOO,PROT_IDX_LIST,CENTDIST,ANGLE,OFFSET,TYPE,LIG_IDX_LIST,BOND
271,PHE,B,1,UNL,d,3.25,1965,406,"(14.499, -5.973, 61.564)","(15.458, -8.373, 63.527)",,,,,,,HYDROPHOBIC
277,ILE,B,1,UNL,d,3.79,1972,454,"(8.798, -3.341, 59.408)","(6.358, -5.04, 57.058)",,,,,,,HYDROPHOBIC
309,ILE,B,1,UNL,d,3.48,1989,702,"(19.942, -1.228, 58.272)","(19.587, -0.887, 54.827)",,,,,,,HYDROPHOBIC
313,LEU,B,1,UNL,d,3.85,1989,735,"(19.942, -1.228, 58.272)","(20.17, 2.424, 59.473)",,,,,,,HYDROPHOBIC
316,THR,B,1,UNL,d,3.30,1983,759,"(17.866, -0.727, 61.248)","(16.367, 1.251, 63.426)",,,,,,,HYDROPHOBIC
329,PHE,B,1,UNL,d,3.87,1965,871,"(14.499, -5.973, 61.564)","(14.02, -3.267, 64.293)",,,,,,,HYDROPHOBIC
340,PHE,B,1,UNL,d,3.55,1986,967,"(21.497, -3.769, 63.813)","(18.896, -5.64, 65.341)",,,,,,,HYDROPHOBIC
349,PHE,B,1,UNL,d,3.35,1989,1044,"(19.942, -1.228, 58.272)","(22.534, -3.269, 58.866)",,,,,,,HYDROPHOBIC
350,ILE,B,1,UNL,d,3.86,1986,1050,"(21.497, -3.769, 63.813)","(24.795, -4.753, 65.561)",,,,,,,HYDROPHOBIC
274,LEU,B,1,UNL,d,3.05,1966,431,"(12.945, -4.275, 60.649)","(11.429, -6.921, 60.502)",,,,,,,HYDROPHOBIC
329,PHE,B,1,UNL,d,3.71,1970,870,"(11.139, -2.687, 59.755)","(11.808, -1.933, 63.326)",,,,,,,HYDROPHOBIC
330,LEU,B,1,UNL,d,3.08,1972,881,"(8.798, -3.341, 59.408)","(6.785, -4.78, 61.247)",,,,,,,HYDROPHOBIC
349,PHE,B,1,UNL,d,3.06,1987,1043,"(20.229, -3.659, 61.594)","(22.668, -4.231, 59.842)",,,,,,,HYDROPHOBIC
353,ILE,B,1,UNL,d,3.92,1987,1075,"(20.229, -3.659, 61.594)","(22.267, -0.333, 61.234)",,,,,,,HYDROPHOBIC
329,PHE,B,1,UNL,d,,,,"(13.9595, -3.3943333333333334, 60.30166666666667)","(12.908, -2.604, 63.79916666666666)","868,869,870,871,872,873",3.74,6.20,1.14,P,"1963,1964,1966,1967,1968,1969",PISTACKING
