RESNR,RESTYPE,RESCHAIN,RESNR_LIG,RESTYPE_LIG,RESCHAIN_LIG,DIST,LIGCARBONIDX,PROTCARBONIDX,LIGCOO,PROTCOO,PROT_IDX_LIST,CENTDIST,ANGLE,OFFSET,TYPE,LIG_IDX_LIST,BOND
272,THR,B,1,UNL,d,3.85,1983,417,"(17.703, -7.953, 56.771)","(17.137, -11.762, 56.702)",,,,,,,HYDROPHOBIC
312,MET,B,1,UNL,d,3.65,1971,724,"(13.485, -0.409, 59.374)","(15.236, 0.768, 56.399)",,,,,,,HYDROPHOBIC
315,GLU,B,1,UNL,d,3.62,1972,748,"(12.299, 0.32, 59.489)","(11.424, 3.831, 59.375)",,,,,,,HYDROPHOBIC
349,PHE,B,1,UNL,d,3.58,1987,1043,"(21.129, -6.685, 57.746)","(22.668, -4.231, 59.842)",,,,,,,HYDROPHOBIC
438,GLN,B,1,UNL,d,3.39,1986,1767,"(22.689, -6.168, 55.785)","(25.479, -6.296, 57.699)",,,,,,,HYDROPHOBIC
439,VAL,B,1,UNL,d,3.60,1986,1776,"(22.689, -6.168, 55.785)","(24.044, -5.589, 52.495)",,,,,,,HYDROPHOBIC
453,LEU,B,1,UNL,d,3.78,1983,1892,"(17.703, -7.953, 56.771)","(15.928, -8.521, 53.48)",,,,,,,HYDROPHOBIC
268,PHE,B,1,UNL,d,3.13,1989,380,"(19.636, -9.58, 60.685)","(20.871, -12.145, 59.387)",,,,,,,HYDROPHOBIC
271,PHE,B,1,UNL,d,3.06,1988,404,"(18.738, -8.785, 59.731)","(16.35, -9.577, 61.477)",,,,,,,HYDROPHOBIC
275,ALA,B,1,UNL,d,3.58,1969,439,"(15.949, -4.762, 59.116)","(14.604, -6.314, 56.187)",,,,,,,HYDROPHOBIC
329,PHE,B,1,UNL,d,,,,"(12.274999999999999, -1.0721666666666667, 59.56633333333334)","(12.908, -2.604, 63.79916666666666)","868,869,870,871,872,873",4.55,29.79,1.76,P,"1970,1971,1972,1973,1974,1975",PISTACKING
