RESNR,RESTYPE,RESCHAIN,RESNR_LIG,RESTYPE_LIG,RESCHAIN_LIG,DIST,LIGCARBONIDX,PROTCARBONIDX,LIGCOO,PROTCOO,PROT_IDX_LIST,CENTDIST,ANGLE,OFFSET,TYPE,LIG_IDX_LIST,BOND
271,PHE,B,1,UNL,d,3.61,1989,406,"(17.515, -5.749, 62.144)","(15.458, -8.373, 63.527)",,,,,,,HYDROPHOBIC
272,THR,B,1,UNL,d,3.67,1986,417,"(17.838, -8.155, 56.66)","(17.137, -11.762, 56.702)",,,,,,,HYDROPHOBIC
309,ILE,B,1,UNL,d,3.62,1983,702,"(19.833, -3.234, 57.568)","(19.587, -0.887, 54.827)",,,,,,,HYDROPHOBIC
312,MET,B,1,UNL,d,3.81,1969,724,"(14.963, -1.869, 59.139)","(15.236, 0.768, 56.399)",,,,,,,HYDROPHOBIC
329,PHE,B,1,UNL,d,3.90,1972,867,"(9.012, -3.138, 60.641)","(10.245, -3.635, 64.309)",,,,,,,HYDROPHOBIC
340,PHE,B,1,UNL,d,3.93,1988,967,"(18.86, -5.64, 61.416)","(18.896, -5.64, 65.341)",,,,,,,HYDROPHOBIC
340,PHE,B,1,UNL,d,3.28,1989,969,"(17.515, -5.749, 62.144)","(17.687, -5.004, 65.329)",,,,,,,HYDROPHOBIC
345,LEU,B,1,UNL,d,3.36,1988,1007,"(18.86, -5.64, 61.416)","(21.729, -7.055, 62.44)",,,,,,,HYDROPHOBIC
349,PHE,B,1,UNL,d,3.00,1983,1044,"(19.833, -3.234, 57.568)","(22.534, -3.269, 58.866)",,,,,,,HYDROPHOBIC
453,LEU,B,1,UNL,d,3.73,1986,1892,"(17.838, -8.155, 56.66)","(15.928, -8.521, 53.48)",,,,,,,HYDROPHOBIC
329,PHE,B,1,UNL,d,3.51,1971,870,"(10.377, -3.379, 60.468)","(11.808, -1.933, 63.326)",,,,,,,HYDROPHOBIC
330,LEU,B,1,UNL,d,2.83,1972,881,"(9.012, -3.138, 60.641)","(6.785, -4.78, 61.247)",,,,,,,HYDROPHOBIC
329,PHE,B,1,UNL,d,,,,"(14.123166666666668, -2.9085, 59.51816666666667)","(12.908, -2.604, 63.79916666666666)","868,869,870,871,872,873",4.46,21.38,1.98,P,"1963,1964,1966,1967,1968,1969",PISTACKING
340,PHE,B,1,UNL,d,,,,"(19.559800000000003, -2.1474, 63.7924)","(18.506, -4.906, 66.44083333333333)","965,966,967,968,969,970",3.97,12.14,1.30,P,"1956,1957,1958,1960,1961",PISTACKING
