RESNR,RESTYPE,RESCHAIN,RESNR_LIG,RESTYPE_LIG,RESCHAIN_LIG,DIST,LIGCARBONIDX,PROTCARBONIDX,LIGCOO,PROTCOO,PROT_IDX_LIST,CENTDIST,ANGLE,OFFSET,TYPE,LIG_IDX_LIST,BOND
312,MET,B,1,UNL,d,3.96,1965,724,"(16.929, -0.92, 59.556)","(15.236, 0.768, 56.399)",,,,,,,HYDROPHOBIC
316,THR,B,1,UNL,d,3.32,1983,759,"(17.247, -1.931, 63.106)","(16.367, 1.251, 63.426)",,,,,,,HYDROPHOBIC
329,PHE,B,1,UNL,d,3.65,1972,867,"(10.057, -3.524, 60.664)","(10.245, -3.635, 64.309)",,,,,,,HYDROPHOBIC
329,PHE,B,1,UNL,d,3.09,1983,873,"(17.247, -1.931, 63.106)","(14.187, -2.105, 63.53)",,,,,,,HYDROPHOBIC
329,PHE,B,1,UNL,d,3.50,1989,871,"(15.876, -5.436, 62.267)","(14.02, -3.267, 64.293)",,,,,,,HYDROPHOBIC
349,PHE,B,1,UNL,d,3.49,1986,1041,"(22.389, -3.467, 63.572)","(23.882, -4.345, 60.537)",,,,,,,HYDROPHOBIC
349,PHE,B,1,UNL,d,3.43,1987,1043,"(20.261, -4.061, 62.283)","(22.668, -4.231, 59.842)",,,,,,,HYDROPHOBIC
350,ILE,B,1,UNL,d,3.38,1986,1050,"(22.389, -3.467, 63.572)","(24.795, -4.753, 65.561)",,,,,,,HYDROPHOBIC
353,ILE,B,1,UNL,d,3.91,1986,1075,"(22.389, -3.467, 63.572)","(22.267, -0.333, 61.234)",,,,,,,HYDROPHOBIC
271,PHE,B,1,UNL,d,3.22,1989,406,"(15.876, -5.436, 62.267)","(15.458, -8.373, 63.527)",,,,,,,HYDROPHOBIC
274,LEU,B,1,UNL,d,3.18,1971,431,"(11.412, -3.746, 60.405)","(11.429, -6.921, 60.502)",,,,,,,HYDROPHOBIC
275,ALA,B,1,UNL,d,3.46,1969,439,"(15.543, -4.458, 58.948)","(14.604, -6.314, 56.187)",,,,,,,HYDROPHOBIC
329,PHE,B,1,UNL,d,3.78,1966,872,"(14.667, -1.924, 59.669)","(13.084, -1.435, 63.061)",,,,,,,HYDROPHOBIC
330,LEU,B,1,UNL,d,3.55,1972,881,"(10.057, -3.524, 60.664)","(6.785, -4.78, 61.247)",,,,,,,HYDROPHOBIC
340,PHE,B,1,UNL,d,3.58,1989,969,"(15.876, -5.436, 62.267)","(17.687, -5.004, 65.329)",,,,,,,HYDROPHOBIC
329,PHE,B,1,UNL,d,,,,"(10.8455, -2.5020000000000002, 60.135333333333335)","(12.908, -2.604, 63.79916666666666)","868,869,870,871,872,873",4.21,19.80,1.74,P,"1970,1971,1972,1973,1974,1975",PISTACKING
340,PHE,B,1,UNL,d,,,,"(19.720999999999997, -3.1604, 62.89)","(18.506, -4.906, 66.44083333333333)","965,966,967,968,969,970",4.14,23.03,1.07,P,"1981,1982,1984,1985,1987",PISTACKING
