RESNR,RESTYPE,RESCHAIN,RESNR_LIG,RESTYPE_LIG,RESCHAIN_LIG,DIST,LIGCARBONIDX,PROTCARBONIDX,LIGCOO,PROTCOO,PROT_IDX_LIST,PROTISPOS,LIG_GROUP,LIG_IDX_LIST,OFFSET,PROTCHARGED,BOND
260,LEU,A,1,UNL,d,3.81,1849,305,"(48.37, 14.767, -4.349)","(47.279, 11.179, -5.035)",,,,,,,HYDROPHOBIC
222,GLN,A,1,UNL,d,3.81,1869,141,"(59.412, 19.491, -3.648)","(59.74, 22.318, -1.121)",,,,,,,HYDROPHOBIC
260,LEU,A,1,UNL,d,3.40,1850,302,"(46.99, 14.547, -4.34)","(44.966, 11.816, -4.326)",,,,,,,HYDROPHOBIC
315,PHE,A,1,UNL,d,3.65,1851,733,"(46.11, 15.601, -4.12)","(46.696, 16.89, -7.479)",,,,,,,HYDROPHOBIC
316,LEU,A,1,UNL,d,3.55,1842,744,"(52.523, 16.635, -5.382)","(53.02, 13.124, -5.151)",,,,,,,HYDROPHOBIC
316,LEU,A,1,UNL,d,3.10,1849,745,"(48.37, 14.767, -4.349)","(50.583, 12.697, -4.996)",,,,,,,HYDROPHOBIC
267,GLU,A,1,UNL,d,4.47,,,"(55.085, 17.653, -2.815)","(52.0305, 16.5965, 0.267)","355,356",False,Tertamine,1830,,,SALTBRIDGE
305,ARG,A,1,UNL,d,4.59,,,"(53.897400000000005, 20.886200000000002, -1.7642)","(51.32833333333334, 20.448333333333334, -5.541666666666667)","656,658,659",,Aromatic,"1859,1860,1862,1863,1865",1.74,True,PICATION
305,ARG,A,1,UNL,d,4.19,,,"(51.82633333333334, 16.5285, -4.159833333333333)","(51.32833333333334, 20.448333333333334, -5.541666666666667)","656,658,659",,Aromatic,"1841,1842,1844,1845,1846,1847",1.37,True,PICATION
