RESNR,RESTYPE,RESCHAIN,RESNR_LIG,RESTYPE_LIG,RESCHAIN_LIG,DIST,LIGCARBONIDX,PROTCARBONIDX,LIGCOO,PROTCOO,PROT_IDX_LIST,CENTDIST,ANGLE,OFFSET,TYPE,LIG_IDX_LIST,BOND
275,ALA,B,1,UNL,d,3.79,1969,439,"(14.842, -4.66, 59.588)","(14.604, -6.314, 56.187)",,,,,,,HYDROPHOBIC
309,ILE,B,1,UNL,d,3.52,1990,702,"(19.99, -0.552, 58.306)","(19.587, -0.887, 54.827)",,,,,,,HYDROPHOBIC
312,MET,B,1,UNL,d,3.44,1965,724,"(16.272, -1.155, 59.057)","(15.236, 0.768, 56.399)",,,,,,,HYDROPHOBIC
316,THR,B,1,UNL,d,3.32,1983,759,"(16.941, -1.859, 62.402)","(16.367, 1.251, 63.426)",,,,,,,HYDROPHOBIC
329,PHE,B,1,UNL,d,3.69,1972,867,"(9.306, -3.388, 60.745)","(10.245, -3.635, 64.309)",,,,,,,HYDROPHOBIC
329,PHE,B,1,UNL,d,2.99,1983,873,"(16.941, -1.859, 62.402)","(14.187, -2.105, 63.53)",,,,,,,HYDROPHOBIC
340,PHE,B,1,UNL,d,3.83,1986,965,"(21.652, -2.617, 64.884)","(19.739, -5.54, 66.446)",,,,,,,HYDROPHOBIC
349,PHE,B,1,UNL,d,3.72,1987,1043,"(20.488, -3.223, 62.689)","(22.668, -4.231, 59.842)",,,,,,,HYDROPHOBIC
350,ILE,B,1,UNL,d,3.67,1986,1051,"(21.652, -2.617, 64.884)","(24.372, -2.977, 67.316)",,,,,,,HYDROPHOBIC
354,PHE,B,1,UNL,d,3.85,1986,1084,"(21.652, -2.617, 64.884)","(20.841, -1.166, 68.358)",,,,,,,HYDROPHOBIC
313,LEU,B,1,UNL,d,3.20,1990,735,"(19.99, -0.552, 58.306)","(20.17, 2.424, 59.473)",,,,,,,HYDROPHOBIC
329,PHE,B,1,UNL,d,3.44,1970,870,"(11.546, -2.727, 59.989)","(11.808, -1.933, 63.326)",,,,,,,HYDROPHOBIC
329,PHE,B,1,UNL,d,3.66,1967,872,"(13.014, -3.041, 59.771)","(13.084, -1.435, 63.061)",,,,,,,HYDROPHOBIC
330,LEU,B,1,UNL,d,2.92,1972,881,"(9.306, -3.388, 60.745)","(6.785, -4.78, 61.247)",,,,,,,HYDROPHOBIC
349,PHE,B,1,UNL,d,3.04,1988,1044,"(19.552, -2.874, 59.33)","(22.534, -3.269, 58.866)",,,,,,,HYDROPHOBIC
353,ILE,B,1,UNL,d,3.34,1989,1075,"(19.568, -1.344, 59.544)","(22.267, -0.333, 61.234)",,,,,,,HYDROPHOBIC
340,PHE,B,1,UNL,d,,,,"(19.5302, -2.6128, 63.095600000000005)","(18.506, -4.906, 66.44083333333333)","965,966,967,968,969,970",4.18,4.73,1.98,P,"1981,1982,1984,1985,1987",PISTACKING
