RESNR,RESTYPE,RESCHAIN,RESNR_LIG,RESTYPE_LIG,RESCHAIN_LIG,DIST,LIGCARBONIDX,PROTCARBONIDX,LIGCOO,PROTCOO,PROT_IDX_LIST,CENTDIST,ANGLE,OFFSET,TYPE,LIG_IDX_LIST,BOND
271,PHE,B,1,UNL,d,2.82,1965,406,"(14.849, -6.087, 61.986)","(15.458, -8.373, 63.527)",,,,,,,HYDROPHOBIC
274,LEU,B,1,UNL,d,3.81,1965,433,"(14.849, -6.087, 61.986)","(11.232, -6.739, 63.002)",,,,,,,HYDROPHOBIC
309,ILE,B,1,UNL,d,3.77,1989,702,"(18.009, -1.583, 58.175)","(19.587, -0.887, 54.827)",,,,,,,HYDROPHOBIC
312,MET,B,1,UNL,d,3.93,1990,724,"(16.992, -1.264, 59.272)","(15.236, 0.768, 56.399)",,,,,,,HYDROPHOBIC
329,PHE,B,1,UNL,d,3.77,1972,867,"(8.963, -2.96, 60.828)","(10.245, -3.635, 64.309)",,,,,,,HYDROPHOBIC
329,PHE,B,1,UNL,d,3.82,1967,872,"(12.652, -3.666, 59.986)","(13.084, -1.435, 63.061)",,,,,,,HYDROPHOBIC
438,GLN,B,1,UNL,d,3.68,1986,1767,"(22.26, -6.124, 55.929)","(25.479, -6.296, 57.699)",,,,,,,HYDROPHOBIC
439,VAL,B,1,UNL,d,3.91,1986,1776,"(22.26, -6.124, 55.929)","(24.044, -5.589, 52.495)",,,,,,,HYDROPHOBIC
274,LEU,B,1,UNL,d,2.98,1966,431,"(13.149, -4.531, 60.99)","(11.429, -6.921, 60.502)",,,,,,,HYDROPHOBIC
275,ALA,B,1,UNL,d,3.34,1969,439,"(14.692, -4.123, 58.711)","(14.604, -6.314, 56.187)",,,,,,,HYDROPHOBIC
329,PHE,B,1,UNL,d,3.39,1970,870,"(11.317, -2.96, 60.133)","(11.808, -1.933, 63.326)",,,,,,,HYDROPHOBIC
329,PHE,B,1,UNL,d,3.64,1966,871,"(13.149, -4.531, 60.99)","(14.02, -3.267, 64.293)",,,,,,,HYDROPHOBIC
330,LEU,B,1,UNL,d,2.87,1972,881,"(8.963, -2.96, 60.828)","(6.785, -4.78, 61.247)",,,,,,,HYDROPHOBIC
340,PHE,B,1,UNL,d,,,,"(19.479999999999997, -2.9385999999999997, 62.855)","(18.506, -4.906, 66.44083333333333)","965,966,967,968,969,970",4.20,24.67,1.05,P,"1956,1957,1958,1960,1961",PISTACKING
