RESNR,RESTYPE,RESCHAIN,RESNR_LIG,RESTYPE_LIG,RESCHAIN_LIG,DIST,LIGCARBONIDX,PROTCARBONIDX,LIGCOO,PROTCOO,PROT_IDX_LIST,CENTDIST,ANGLE,OFFSET,TYPE,LIG_IDX_LIST,BOND
274,LEU,B,1,UNL,d,3.57,1965,431,"(14.638, -5.54, 59.757)","(11.429, -6.921, 60.502)",,,,,,,HYDROPHOBIC
275,ALA,B,1,UNL,d,3.65,1965,439,"(14.638, -5.54, 59.757)","(14.604, -6.314, 56.187)",,,,,,,HYDROPHOBIC
309,ILE,B,1,UNL,d,3.55,1990,702,"(19.8, -0.489, 58.348)","(19.587, -0.887, 54.827)",,,,,,,HYDROPHOBIC
316,THR,B,1,UNL,d,3.25,1983,759,"(16.981, -1.807, 62.508)","(16.367, 1.251, 63.426)",,,,,,,HYDROPHOBIC
329,PHE,B,1,UNL,d,3.44,1975,870,"(11.113, -1.595, 59.97)","(11.808, -1.933, 63.326)",,,,,,,HYDROPHOBIC
329,PHE,B,1,UNL,d,2.99,1983,873,"(16.981, -1.807, 62.508)","(14.187, -2.105, 63.53)",,,,,,,HYDROPHOBIC
340,PHE,B,1,UNL,d,3.88,1986,965,"(21.726, -2.57, 64.924)","(19.739, -5.54, 66.446)",,,,,,,HYDROPHOBIC
349,PHE,B,1,UNL,d,3.76,1987,1043,"(20.529, -3.179, 62.747)","(22.668, -4.231, 59.842)",,,,,,,HYDROPHOBIC
350,ILE,B,1,UNL,d,3.59,1986,1051,"(21.726, -2.57, 64.924)","(24.372, -2.977, 67.316)",,,,,,,HYDROPHOBIC
354,PHE,B,1,UNL,d,3.81,1986,1084,"(21.726, -2.57, 64.924)","(20.841, -1.166, 68.358)",,,,,,,HYDROPHOBIC
312,MET,B,1,UNL,d,3.46,1968,724,"(14.864, -1.274, 59.171)","(15.236, 0.768, 56.399)",,,,,,,HYDROPHOBIC
313,LEU,B,1,UNL,d,3.14,1990,735,"(19.8, -0.489, 58.348)","(20.17, 2.424, 59.473)",,,,,,,HYDROPHOBIC
315,GLU,B,1,UNL,d,2.68,1972,748,"(11.229, 1.162, 59.572)","(11.424, 3.831, 59.375)",,,,,,,HYDROPHOBIC
329,PHE,B,1,UNL,d,3.53,1970,872,"(12.363, -1.014, 59.635)","(13.084, -1.435, 63.061)",,,,,,,HYDROPHOBIC
349,PHE,B,1,UNL,d,3.10,1988,1044,"(19.508, -2.823, 59.399)","(22.534, -3.269, 58.866)",,,,,,,HYDROPHOBIC
353,ILE,B,1,UNL,d,3.41,1989,1075,"(19.437, -1.292, 59.598)","(22.267, -0.333, 61.234)",,,,,,,HYDROPHOBIC
340,PHE,B,1,UNL,d,,,,"(19.578799999999998, -2.5652, 63.165800000000004)","(18.506, -4.906, 66.44083333333333)","965,966,967,968,969,970",4.17,5.00,1.87,P,"1981,1982,1984,1985,1987",PISTACKING
