RESNR,RESTYPE,RESCHAIN,RESNR_LIG,RESTYPE_LIG,RESCHAIN_LIG,DIST,LIGCARBONIDX,PROTCARBONIDX,LIGCOO,PROTCOO,PROT_IDX_LIST,CENTDIST,ANGLE,OFFSET,TYPE,LIG_IDX_LIST,BOND
271,PHE,B,1,UNL,d,2.88,1965,406,"(14.946, -5.95, 62.066)","(15.458, -8.373, 63.527)",,,,,,,HYDROPHOBIC
274,LEU,B,1,UNL,d,3.91,1965,433,"(14.946, -5.95, 62.066)","(11.232, -6.739, 63.002)",,,,,,,HYDROPHOBIC
312,MET,B,1,UNL,d,3.77,1983,724,"(16.346, -1.395, 59.286)","(15.236, 0.768, 56.399)",,,,,,,HYDROPHOBIC
313,LEU,B,1,UNL,d,3.26,1986,735,"(21.293, -0.045, 57.661)","(20.17, 2.424, 59.473)",,,,,,,HYDROPHOBIC
329,PHE,B,1,UNL,d,3.78,1972,867,"(8.954, -3.024, 60.812)","(10.245, -3.635, 64.309)",,,,,,,HYDROPHOBIC
329,PHE,B,1,UNL,d,3.81,1967,872,"(12.662, -3.667, 60.002)","(13.084, -1.435, 63.061)",,,,,,,HYDROPHOBIC
349,PHE,B,1,UNL,d,3.43,1986,1042,"(21.293, -0.045, 57.661)","(23.593, -2.41, 58.587)",,,,,,,HYDROPHOBIC
353,ILE,B,1,UNL,d,3.71,1986,1075,"(21.293, -0.045, 57.661)","(22.267, -0.333, 61.234)",,,,,,,HYDROPHOBIC
435,HIS,B,1,UNL,d,3.86,1986,1741,"(21.293, -0.045, 57.661)","(23.836, -0.877, 54.873)",,,,,,,HYDROPHOBIC
457,TRP,B,1,UNL,d,3.62,1989,1929,"(18.633, -5.512, 56.344)","(18.079, -5.348, 52.766)",,,,,,,HYDROPHOBIC
274,LEU,B,1,UNL,d,3.06,1966,431,"(13.195, -4.475, 61.035)","(11.429, -6.921, 60.502)",,,,,,,HYDROPHOBIC
275,ALA,B,1,UNL,d,3.33,1969,439,"(14.686, -4.142, 58.708)","(14.604, -6.314, 56.187)",,,,,,,HYDROPHOBIC
329,PHE,B,1,UNL,d,3.39,1970,870,"(11.316, -2.983, 60.143)","(11.808, -1.933, 63.326)",,,,,,,HYDROPHOBIC
329,PHE,B,1,UNL,d,3.57,1966,871,"(13.195, -4.475, 61.035)","(14.02, -3.267, 64.293)",,,,,,,HYDROPHOBIC
330,LEU,B,1,UNL,d,2.82,1972,881,"(8.954, -3.024, 60.812)","(6.785, -4.78, 61.247)",,,,,,,HYDROPHOBIC
340,PHE,B,1,UNL,d,,,,"(19.5728, -2.9303999999999997, 62.9588)","(18.506, -4.906, 66.44083333333333)","965,966,967,968,969,970",4.14,26.31,0.73,P,"1956,1957,1958,1960,1961",PISTACKING
