RESNR,RESTYPE,RESCHAIN,RESNR_LIG,RESTYPE_LIG,RESCHAIN_LIG,DIST,LIGCARBONIDX,PROTCARBONIDX,LIGCOO,PROTCOO,PROT_IDX_LIST,CENTDIST,ANGLE,OFFSET,TYPE,LIG_IDX_LIST,BOND
271,PHE,B,1,UNL,d,3.49,1986,404,"(19.11, -7.591, 60.704)","(16.35, -9.577, 61.477)",,,,,,,HYDROPHOBIC
271,PHE,B,1,UNL,d,3.46,1965,406,"(14.591, -5.747, 61.45)","(15.458, -8.373, 63.527)",,,,,,,HYDROPHOBIC
277,ILE,B,1,UNL,d,3.73,1972,454,"(8.645, -3.38, 59.486)","(6.358, -5.04, 57.058)",,,,,,,HYDROPHOBIC
312,MET,B,1,UNL,d,3.62,1990,724,"(18.473, -0.193, 57.709)","(15.236, 0.768, 56.399)",,,,,,,HYDROPHOBIC
313,LEU,B,1,UNL,d,3.40,1989,735,"(19.814, -0.719, 58.22)","(20.17, 2.424, 59.473)",,,,,,,HYDROPHOBIC
313,LEU,B,1,UNL,d,3.48,1990,733,"(18.473, -0.193, 57.709)","(19.673, 3.04, 58.189)",,,,,,,HYDROPHOBIC
329,PHE,B,1,UNL,d,3.79,1970,870,"(10.98, -2.653, 59.701)","(11.808, -1.933, 63.326)",,,,,,,HYDROPHOBIC
329,PHE,B,1,UNL,d,3.82,1965,871,"(14.591, -5.747, 61.45)","(14.02, -3.267, 64.293)",,,,,,,HYDROPHOBIC
345,LEU,B,1,UNL,d,3.19,1986,1007,"(19.11, -7.591, 60.704)","(21.729, -7.055, 62.44)",,,,,,,HYDROPHOBIC
457,TRP,B,1,UNL,d,3.77,1983,1929,"(19.223, -4.553, 56.267)","(18.079, -5.348, 52.766)",,,,,,,HYDROPHOBIC
274,LEU,B,1,UNL,d,3.11,1966,431,"(12.868, -4.16, 60.55)","(11.429, -6.921, 60.502)",,,,,,,HYDROPHOBIC
309,ILE,B,1,UNL,d,3.17,1990,702,"(18.473, -0.193, 57.709)","(19.587, -0.887, 54.827)",,,,,,,HYDROPHOBIC
330,LEU,B,1,UNL,d,2.92,1972,881,"(8.645, -3.38, 59.486)","(6.785, -4.78, 61.247)",,,,,,,HYDROPHOBIC
349,PHE,B,1,UNL,d,3.24,1988,1044,"(19.683, -1.806, 59.31)","(22.534, -3.269, 58.866)",,,,,,,HYDROPHOBIC
353,ILE,B,1,UNL,d,3.54,1988,1075,"(19.683, -1.806, 59.31)","(22.267, -0.333, 61.234)",,,,,,,HYDROPHOBIC
349,PHE,B,1,UNL,d,,,,"(19.0146, -5.5062, 58.87480000000001)","(23.738833333333332, -3.3758333333333326, 59.5685)","1039,1040,1041,1042,1043,1044",5.23,82.45,1.30,T,"1981,1982,1984,1985,1987",PISTACKING
329,PHE,B,1,UNL,d,,,,"(13.838333333333333, -3.263, 60.116499999999995)","(12.908, -2.604, 63.79916666666666)","868,869,870,871,872,873",3.86,3.60,1.39,P,"1963,1964,1966,1967,1968,1969",PISTACKING
340,PHE,B,1,UNL,d,,,,"(20.2118, -2.8598, 63.142399999999995)","(18.506, -4.906, 66.44083333333333)","965,966,967,968,969,970",4.24,14.33,1.90,P,"1956,1957,1958,1960,1961",PISTACKING
