RESNR,RESTYPE,RESCHAIN,RESNR_LIG,RESTYPE_LIG,RESCHAIN_LIG,DIST,LIGCARBONIDX,PROTCARBONIDX,LIGCOO,PROTCOO,PROT_IDX_LIST,CENTDIST,ANGLE,OFFSET,TYPE,LIG_IDX_LIST,BOND
277,ILE,B,1,UNL,d,3.96,1972,454,"(9.024, -3.32, 59.42)","(6.358, -5.04, 57.058)",,,,,,,HYDROPHOBIC
312,MET,B,1,UNL,d,3.87,1969,724,"(14.979, -1.407, 59.593)","(15.236, 0.768, 56.399)",,,,,,,HYDROPHOBIC
316,THR,B,1,UNL,d,3.68,1983,759,"(17.176, -2.323, 63.086)","(16.367, 1.251, 63.426)",,,,,,,HYDROPHOBIC
329,PHE,B,1,UNL,d,3.78,1970,870,"(11.234, -2.267, 59.6)","(11.808, -1.933, 63.326)",,,,,,,HYDROPHOBIC
329,PHE,B,1,UNL,d,3.74,1965,871,"(15.287, -4.876, 61.166)","(14.02, -3.267, 64.293)",,,,,,,HYDROPHOBIC
329,PHE,B,1,UNL,d,3.03,1983,873,"(17.176, -2.323, 63.086)","(14.187, -2.105, 63.53)",,,,,,,HYDROPHOBIC
340,PHE,B,1,UNL,d,3.53,1983,969,"(17.176, -2.323, 63.086)","(17.687, -5.004, 65.329)",,,,,,,HYDROPHOBIC
345,LEU,B,1,UNL,d,3.88,1990,1008,"(19.197, -8.275, 59.51)","(22.859, -8.503, 60.764)",,,,,,,HYDROPHOBIC
349,PHE,B,1,UNL,d,3.42,1986,1041,"(22.48, -3.149, 63.421)","(23.882, -4.345, 60.537)",,,,,,,HYDROPHOBIC
350,ILE,B,1,UNL,d,3.54,1986,1050,"(22.48, -3.149, 63.421)","(24.795, -4.753, 65.561)",,,,,,,HYDROPHOBIC
353,ILE,B,1,UNL,d,3.57,1986,1075,"(22.48, -3.149, 63.421)","(22.267, -0.333, 61.234)",,,,,,,HYDROPHOBIC
271,PHE,B,1,UNL,d,3.48,1989,404,"(18.355, -7.119, 60.053)","(16.35, -9.577, 61.477)",,,,,,,HYDROPHOBIC
330,LEU,B,1,UNL,d,3.24,1972,881,"(9.024, -3.32, 59.42)","(6.785, -4.78, 61.247)",,,,,,,HYDROPHOBIC
457,TRP,B,1,UNL,d,,,,"(19.1932, -5.732, 56.5936)","(18.294999999999998, -4.243666666666667, 51.975)","1924,1926,1927,1928,1929,1930",4.93,68.20,1.67,T,"1956,1957,1958,1960,1961",PISTACKING
329,PHE,B,1,UNL,d,,,,"(14.155999999999999, -2.461833333333333, 59.97833333333333)","(12.908, -2.604, 63.79916666666666)","868,869,870,871,872,873",4.02,8.53,1.91,P,"1963,1964,1966,1967,1968,1969",PISTACKING
340,PHE,B,1,UNL,d,,,,"(19.7928, -3.207, 62.732600000000005)","(18.506, -4.906, 66.44083333333333)","965,966,967,968,969,970",4.28,22.59,1.73,P,"1981,1982,1984,1985,1987",PISTACKING
