RESNR,RESTYPE,RESCHAIN,RESNR_LIG,RESTYPE_LIG,RESCHAIN_LIG,DIST,LIGCARBONIDX,PROTCARBONIDX,LIGCOO,PROTCOO,PROT_IDX_LIST,CENTDIST,ANGLE,OFFSET,TYPE,LIG_IDX_LIST,BOND
271,PHE,B,1,UNL,d,3.62,1987,404,"(19.174, -7.671, 60.264)","(16.35, -9.577, 61.477)",,,,,,,HYDROPHOBIC
271,PHE,B,1,UNL,d,3.47,1965,406,"(14.516, -5.744, 61.46)","(15.458, -8.373, 63.527)",,,,,,,HYDROPHOBIC
277,ILE,B,1,UNL,d,3.71,1972,454,"(8.658, -3.346, 59.431)","(6.358, -5.04, 57.058)",,,,,,,HYDROPHOBIC
313,LEU,B,1,UNL,d,3.48,1990,735,"(19.851, -0.799, 58.195)","(20.17, 2.424, 59.473)",,,,,,,HYDROPHOBIC
315,GLU,B,1,UNL,d,3.75,1980,749,"(7.57, 2.624, 57.405)","(10.579, 4.641, 58.385)",,,,,,,HYDROPHOBIC
329,PHE,B,1,UNL,d,3.81,1970,870,"(10.992, -2.625, 59.665)","(11.808, -1.933, 63.326)",,,,,,,HYDROPHOBIC
329,PHE,B,1,UNL,d,3.80,1965,871,"(14.516, -5.744, 61.46)","(14.02, -3.267, 64.293)",,,,,,,HYDROPHOBIC
345,LEU,B,1,UNL,d,3.41,1987,1007,"(19.174, -7.671, 60.264)","(21.729, -7.055, 62.44)",,,,,,,HYDROPHOBIC
457,TRP,B,1,UNL,d,3.54,1984,1930,"(18.891, -4.152, 56.189)","(17.378, -4.158, 52.992)",,,,,,,HYDROPHOBIC
274,LEU,B,1,UNL,d,3.14,1966,431,"(12.878, -4.134, 60.527)","(11.429, -6.921, 60.502)",,,,,,,HYDROPHOBIC
330,LEU,B,1,UNL,d,2.98,1972,881,"(8.658, -3.346, 59.431)","(6.785, -4.78, 61.247)",,,,,,,HYDROPHOBIC
349,PHE,B,1,UNL,d,3.09,1989,1044,"(19.765, -1.946, 59.202)","(22.534, -3.269, 58.866)",,,,,,,HYDROPHOBIC
353,ILE,B,1,UNL,d,3.60,1989,1075,"(19.765, -1.946, 59.202)","(22.267, -0.333, 61.234)",,,,,,,HYDROPHOBIC
349,PHE,B,1,UNL,d,,,,"(18.915, -5.4238, 58.66420000000001)","(23.738833333333332, -3.3758333333333326, 59.5685)","1039,1040,1041,1042,1043,1044",5.32,79.59,1.32,T,"1982,1983,1985,1986,1988",PISTACKING
329,PHE,B,1,UNL,d,,,,"(13.8515, -3.2388333333333335, 60.106833333333334)","(12.908, -2.604, 63.79916666666666)","868,869,870,871,872,873",3.86,3.91,1.39,P,"1963,1964,1966,1967,1968,1969",PISTACKING
340,PHE,B,1,UNL,d,,,,"(20.1966, -2.804, 63.147800000000004)","(18.506, -4.906, 66.44083333333333)","965,966,967,968,969,970",4.26,15.04,1.85,P,"1956,1957,1958,1960,1961",PISTACKING
