RESNR,RESTYPE,RESCHAIN,RESNR_LIG,RESTYPE_LIG,RESCHAIN_LIG,DIST,LIGCARBONIDX,PROTCARBONIDX,LIGCOO,PROTCOO,PROT_IDX_LIST,CENTDIST,ANGLE,OFFSET,TYPE,LIG_IDX_LIST,BOND
268,PHE,B,1,UNL,d,3.77,1989,382,"(18.982, -8.83, 59.526)","(21.209, -11.558, 58.182)",,,,,,,HYDROPHOBIC
268,PHE,B,1,UNL,d,3.36,1990,380,"(19.549, -9.414, 60.82)","(20.871, -12.145, 59.387)",,,,,,,HYDROPHOBIC
272,THR,B,1,UNL,d,3.94,1984,417,"(17.835, -7.887, 56.527)","(17.137, -11.762, 56.702)",,,,,,,HYDROPHOBIC
349,PHE,B,1,UNL,d,3.73,1988,1043,"(21.342, -6.84, 57.536)","(22.668, -4.231, 59.842)",,,,,,,HYDROPHOBIC
438,GLN,B,1,UNL,d,3.33,1987,1767,"(22.915, -6.347, 55.58)","(25.479, -6.296, 57.699)",,,,,,,HYDROPHOBIC
439,VAL,B,1,UNL,d,3.37,1987,1776,"(22.915, -6.347, 55.58)","(24.044, -5.589, 52.495)",,,,,,,HYDROPHOBIC
442,LEU,B,1,UNL,d,3.85,1987,1800,"(22.915, -6.347, 55.58)","(23.829, -10.068, 55.218)",,,,,,,HYDROPHOBIC
453,LEU,B,1,UNL,d,3.65,1984,1892,"(17.835, -7.887, 56.527)","(15.928, -8.521, 53.48)",,,,,,,HYDROPHOBIC
271,PHE,B,1,UNL,d,3.27,1990,404,"(19.549, -9.414, 60.82)","(16.35, -9.577, 61.477)",,,,,,,HYDROPHOBIC
274,LEU,B,1,UNL,d,3.60,1968,431,"(14.163, -4.587, 60.388)","(11.429, -6.921, 60.502)",,,,,,,HYDROPHOBIC
275,ALA,B,1,UNL,d,3.52,1964,439,"(16.346, -4.46, 58.625)","(14.604, -6.314, 56.187)",,,,,,,HYDROPHOBIC
312,MET,B,1,UNL,d,3.78,1971,724,"(13.582, -1.005, 59.297)","(15.236, 0.768, 56.399)",,,,,,,HYDROPHOBIC
329,PHE,B,1,UNL,d,,,,"(12.248166666666668, -1.3110000000000002, 59.555)","(12.908, -2.604, 63.79916666666666)","868,869,870,871,872,873",4.49,25.62,1.88,P,"1970,1971,1972,1973,1974,1975",PISTACKING
