RESNR,RESTYPE,RESCHAIN,RESNR_LIG,RESTYPE_LIG,RESCHAIN_LIG,DIST,LIGCARBONIDX,PROTCARBONIDX,LIGCOO,PROTCOO,PROT_IDX_LIST,CENTDIST,ANGLE,OFFSET,TYPE,LIG_IDX_LIST,BOND
271,PHE,B,1,UNL,d,3.24,1990,404,"(17.84, -7.049, 60.099)","(16.35, -9.577, 61.477)",,,,,,,HYDROPHOBIC
277,ILE,B,1,UNL,d,3.87,1972,454,"(8.871, -3.203, 59.352)","(6.358, -5.04, 57.058)",,,,,,,HYDROPHOBIC
316,THR,B,1,UNL,d,3.76,1984,759,"(17.054, -2.413, 62.968)","(16.367, 1.251, 63.426)",,,,,,,HYDROPHOBIC
329,PHE,B,1,UNL,d,3.88,1970,870,"(11.103, -2.196, 59.523)","(11.808, -1.933, 63.326)",,,,,,,HYDROPHOBIC
329,PHE,B,1,UNL,d,3.78,1965,871,"(15.043, -4.93, 61.062)","(14.02, -3.267, 64.293)",,,,,,,HYDROPHOBIC
329,PHE,B,1,UNL,d,2.94,1984,873,"(17.054, -2.413, 62.968)","(14.187, -2.105, 63.53)",,,,,,,HYDROPHOBIC
340,PHE,B,1,UNL,d,3.56,1984,969,"(17.054, -2.413, 62.968)","(17.687, -5.004, 65.329)",,,,,,,HYDROPHOBIC
349,PHE,B,1,UNL,d,3.34,1987,1041,"(22.381, -3.185, 63.287)","(23.882, -4.345, 60.537)",,,,,,,HYDROPHOBIC
349,PHE,B,1,UNL,d,3.15,1988,1043,"(20.35, -4.013, 61.971)","(22.668, -4.231, 59.842)",,,,,,,HYDROPHOBIC
350,ILE,B,1,UNL,d,3.67,1987,1050,"(22.381, -3.185, 63.287)","(24.795, -4.753, 65.561)",,,,,,,HYDROPHOBIC
353,ILE,B,1,UNL,d,3.52,1987,1075,"(22.381, -3.185, 63.287)","(22.267, -0.333, 61.234)",,,,,,,HYDROPHOBIC
312,MET,B,1,UNL,d,3.83,1969,724,"(14.863, -1.398, 59.536)","(15.236, 0.768, 56.399)",,,,,,,HYDROPHOBIC
330,LEU,B,1,UNL,d,3.23,1972,881,"(8.871, -3.203, 59.352)","(6.785, -4.78, 61.247)",,,,,,,HYDROPHOBIC
457,TRP,B,1,UNL,d,,,,"(19.1554, -5.7208, 56.5552)","(18.294999999999998, -4.243666666666667, 51.975)","1924,1926,1927,1928,1929,1930",4.89,65.50,1.56,T,"1956,1957,1958,1960,1961",PISTACKING
329,PHE,B,1,UNL,d,,,,"(14.025500000000001, -2.4465, 59.90083333333334)","(12.908, -2.604, 63.79916666666666)","868,869,870,871,872,873",4.06,9.33,1.84,P,"1963,1964,1966,1967,1968,1969",PISTACKING
340,PHE,B,1,UNL,d,,,,"(19.687400000000004, -3.2497999999999996, 62.63879999999999)","(18.506, -4.906, 66.44083333333333)","965,966,967,968,969,970",4.31,23.34,1.74,P,"1982,1983,1985,1986,1988",PISTACKING
