RESNR,RESTYPE,RESCHAIN,RESNR_LIG,RESTYPE_LIG,RESCHAIN_LIG,DIST,LIGCARBONIDX,PROTCARBONIDX,LIGCOO,PROTCOO,PROT_IDX_LIST,CENTDIST,ANGLE,OFFSET,TYPE,LIG_IDX_LIST,BOND
268,PHE,B,1,UNL,d,3.88,1990,380,"(19.37, -8.685, 60.314)","(20.871, -12.145, 59.387)",,,,,,,HYDROPHOBIC
271,PHE,B,1,UNL,d,3.36,1990,404,"(19.37, -8.685, 60.314)","(16.35, -9.577, 61.477)",,,,,,,HYDROPHOBIC
271,PHE,B,1,UNL,d,3.47,1984,406,"(16.035, -5.227, 62.176)","(15.458, -8.373, 63.527)",,,,,,,HYDROPHOBIC
315,GLU,B,1,UNL,d,3.75,1980,749,"(7.898, 2.045, 57.995)","(10.579, 4.641, 58.385)",,,,,,,HYDROPHOBIC
329,PHE,B,1,UNL,d,3.52,1984,871,"(16.035, -5.227, 62.176)","(14.02, -3.267, 64.293)",,,,,,,HYDROPHOBIC
340,PHE,B,1,UNL,d,3.57,1984,969,"(16.035, -5.227, 62.176)","(17.687, -5.004, 65.329)",,,,,,,HYDROPHOBIC
345,LEU,B,1,UNL,d,3.52,1990,1008,"(19.37, -8.685, 60.314)","(22.859, -8.503, 60.764)",,,,,,,HYDROPHOBIC
353,ILE,B,1,UNL,d,2.99,1987,1075,"(20.722, -2.576, 62.468)","(22.267, -0.333, 61.234)",,,,,,,HYDROPHOBIC
274,LEU,B,1,UNL,d,3.22,1971,431,"(11.104, -3.715, 60.536)","(11.429, -6.921, 60.502)",,,,,,,HYDROPHOBIC
275,ALA,B,1,UNL,d,3.19,1969,439,"(15.095, -4.966, 59.031)","(14.604, -6.314, 56.187)",,,,,,,HYDROPHOBIC
329,PHE,B,1,UNL,d,3.54,1972,867,"(9.793, -3.324, 60.809)","(10.245, -3.635, 64.309)",,,,,,,HYDROPHOBIC
329,PHE,B,1,UNL,d,3.82,1966,872,"(14.521, -2.315, 59.629)","(13.084, -1.435, 63.061)",,,,,,,HYDROPHOBIC
330,LEU,B,1,UNL,d,3.37,1972,881,"(9.793, -3.324, 60.809)","(6.785, -4.78, 61.247)",,,,,,,HYDROPHOBIC
329,PHE,B,1,UNL,d,,,,"(10.677833333333332, -2.4313333333333333, 60.205833333333324)","(12.908, -2.604, 63.79916666666666)","868,869,870,871,872,873",4.23,21.56,1.82,P,"1970,1971,1972,1973,1974,1975",PISTACKING
