RESNR,RESTYPE,RESCHAIN,RESNR_LIG,RESTYPE_LIG,RESCHAIN_LIG,DIST,LIGCARBONIDX,PROTCARBONIDX,LIGCOO,PROTCOO,PROT_IDX_LIST,CENTDIST,ANGLE,OFFSET,TYPE,LIG_IDX_LIST,BOND
271,PHE,B,1,UNL,d,2.87,1965,406,"(14.541, -6.287, 61.782)","(15.458, -8.373, 63.527)",,,,,,,HYDROPHOBIC
271,PHE,B,1,UNL,d,3.49,1990,404,"(17.667, -7.069, 59.442)","(16.35, -9.577, 61.477)",,,,,,,HYDROPHOBIC
315,GLU,B,1,UNL,d,3.66,1980,749,"(7.898, 2.304, 57.501)","(10.579, 4.641, 58.385)",,,,,,,HYDROPHOBIC
329,PHE,B,1,UNL,d,3.96,1965,871,"(14.541, -6.287, 61.782)","(14.02, -3.267, 64.293)",,,,,,,HYDROPHOBIC
330,LEU,B,1,UNL,d,3.38,1972,881,"(9.148, -3.283, 59.347)","(6.785, -4.78, 61.247)",,,,,,,HYDROPHOBIC
345,LEU,B,1,UNL,d,3.87,1989,1007,"(18.54, -6.262, 60.403)","(21.729, -7.055, 62.44)",,,,,,,HYDROPHOBIC
457,TRP,B,1,UNL,d,3.84,1987,1929,"(20.737, -6.375, 55.342)","(18.079, -5.348, 52.766)",,,,,,,HYDROPHOBIC
274,LEU,B,1,UNL,d,3.00,1966,431,"(13.145, -4.481, 60.813)","(11.429, -6.921, 60.502)",,,,,,,HYDROPHOBIC
329,PHE,B,1,UNL,d,3.57,1970,870,"(11.488, -2.764, 59.874)","(11.808, -1.933, 63.326)",,,,,,,HYDROPHOBIC
349,PHE,B,1,UNL,d,3.81,1988,1044,"(19.89, -5.746, 57.672)","(22.534, -3.269, 58.866)",,,,,,,HYDROPHOBIC
329,PHE,B,1,UNL,d,,,,"(14.2185, -3.624, 60.617333333333335)","(12.908, -2.604, 63.79916666666666)","868,869,870,871,872,873",3.59,10.88,0.88,P,"1963,1964,1966,1967,1968,1969",PISTACKING
340,PHE,B,1,UNL,d,,,,"(19.554800000000004, -2.0914, 63.6388)","(18.506, -4.906, 66.44083333333333)","965,966,967,968,969,970",4.11,13.20,1.43,P,"1956,1957,1958,1960,1961",PISTACKING
