RESNR,RESTYPE,RESCHAIN,RESNR_LIG,RESTYPE_LIG,RESCHAIN_LIG,DIST,LIGCARBONIDX,PROTCARBONIDX,LIGCOO,PROTCOO,PROT_IDX_LIST,CENTDIST,ANGLE,OFFSET,TYPE,LIG_IDX_LIST,BOND
271,PHE,B,1,UNL,d,3.43,1965,406,"(15.11, -5.921, 61.147)","(15.458, -8.373, 63.527)",,,,,,,HYDROPHOBIC
309,ILE,B,1,UNL,d,3.34,1987,702,"(19.811, -0.514, 58.135)","(19.587, -0.887, 54.827)",,,,,,,HYDROPHOBIC
313,LEU,B,1,UNL,d,3.25,1987,735,"(19.811, -0.514, 58.135)","(20.17, 2.424, 59.473)",,,,,,,HYDROPHOBIC
315,GLU,B,1,UNL,d,3.71,1980,749,"(8.013, 2.158, 57.393)","(10.579, 4.641, 58.385)",,,,,,,HYDROPHOBIC
316,THR,B,1,UNL,d,3.15,1984,759,"(17.323, -1.678, 62.775)","(16.367, 1.251, 63.426)",,,,,,,HYDROPHOBIC
329,PHE,B,1,UNL,d,3.66,1972,867,"(9.024, -3.295, 60.875)","(10.245, -3.635, 64.309)",,,,,,,HYDROPHOBIC
329,PHE,B,1,UNL,d,3.25,1984,873,"(17.323, -1.678, 62.775)","(14.187, -2.105, 63.53)",,,,,,,HYDROPHOBIC
353,ILE,B,1,UNL,d,3.96,1987,1075,"(19.811, -0.514, 58.135)","(22.267, -0.333, 61.234)",,,,,,,HYDROPHOBIC
274,LEU,B,1,UNL,d,3.18,1966,431,"(13.303, -4.347, 60.509)","(11.429, -6.921, 60.502)",,,,,,,HYDROPHOBIC
329,PHE,B,1,UNL,d,3.44,1970,870,"(11.287, -2.832, 60.045)","(11.808, -1.933, 63.326)",,,,,,,HYDROPHOBIC
330,LEU,B,1,UNL,d,2.71,1972,881,"(9.024, -3.295, 60.875)","(6.785, -4.78, 61.247)",,,,,,,HYDROPHOBIC
340,PHE,B,1,UNL,d,3.44,1990,967,"(20.296, -4.047, 62.633)","(18.896, -5.64, 65.341)",,,,,,,HYDROPHOBIC
345,LEU,B,1,UNL,d,3.11,1989,1007,"(19.545, -4.972, 61.675)","(21.729, -7.055, 62.44)",,,,,,,HYDROPHOBIC
349,PHE,B,1,UNL,d,3.67,1990,1043,"(20.296, -4.047, 62.633)","(22.668, -4.231, 59.842)",,,,,,,HYDROPHOBIC
329,PHE,B,1,UNL,d,,,,"(14.091833333333334, -3.6590000000000003, 59.598666666666674)","(12.908, -2.604, 63.79916666666666)","868,869,870,871,872,873",4.49,20.49,1.68,P,"1963,1964,1966,1967,1968,1969",PISTACKING
