RESNR,RESTYPE,RESCHAIN,RESNR_LIG,RESTYPE_LIG,RESCHAIN_LIG,DIST,LIGCARBONIDX,PROTCARBONIDX,LIGCOO,PROTCOO,PROT_IDX_LIST,CENTDIST,ANGLE,OFFSET,TYPE,LIG_IDX_LIST,BOND
268,PHE,B,1,UNL,d,3.91,1987,382,"(21.641, -7.749, 57.416)","(21.209, -11.558, 58.182)",,,,,,,HYDROPHOBIC
271,PHE,B,1,UNL,d,3.44,1965,406,"(14.161, -5.879, 61.547)","(15.458, -8.373, 63.527)",,,,,,,HYDROPHOBIC
313,LEU,B,1,UNL,d,3.53,1992,735,"(17.699, -0.094, 59.28)","(20.17, 2.424, 59.473)",,,,,,,HYDROPHOBIC
329,PHE,B,1,UNL,d,3.79,1965,871,"(14.161, -5.879, 61.547)","(14.02, -3.267, 64.293)",,,,,,,HYDROPHOBIC
329,PHE,B,1,UNL,d,3.55,1970,872,"(12.387, -1.556, 59.579)","(13.084, -1.435, 63.061)",,,,,,,HYDROPHOBIC
329,PHE,B,1,UNL,d,3.56,1975,870,"(11.034, -1.884, 59.851)","(11.808, -1.933, 63.326)",,,,,,,HYDROPHOBIC
345,LEU,B,1,UNL,d,3.64,1987,1008,"(21.641, -7.749, 57.416)","(22.859, -8.503, 60.764)",,,,,,,HYDROPHOBIC
349,PHE,B,1,UNL,d,3.33,1988,1043,"(20.17, -5.92, 58.431)","(22.668, -4.231, 59.842)",,,,,,,HYDROPHOBIC
442,LEU,B,1,UNL,d,3.87,1987,1800,"(21.641, -7.749, 57.416)","(23.829, -10.068, 55.218)",,,,,,,HYDROPHOBIC
457,TRP,B,1,UNL,d,3.07,1984,1930,"(18.219, -3.869, 55.928)","(17.378, -4.158, 52.992)",,,,,,,HYDROPHOBIC
274,LEU,B,1,UNL,d,3.11,1965,431,"(14.161, -5.879, 61.547)","(11.429, -6.921, 60.502)",,,,,,,HYDROPHOBIC
309,ILE,B,1,UNL,d,3.66,1991,702,"(18.09, -1.053, 58.16)","(19.587, -0.887, 54.827)",,,,,,,HYDROPHOBIC
312,MET,B,1,UNL,d,3.82,1991,724,"(18.09, -1.053, 58.16)","(15.236, 0.768, 56.399)",,,,,,,HYDROPHOBIC
315,GLU,B,1,UNL,d,3.13,1972,748,"(11.629, 0.721, 59.06)","(11.424, 3.831, 59.375)",,,,,,,HYDROPHOBIC
349,PHE,B,1,UNL,d,3.26,1989,1044,"(19.385, -2.747, 59.523)","(22.534, -3.269, 58.866)",,,,,,,HYDROPHOBIC
329,PHE,B,1,UNL,d,,,,"(14.552833333333334, -3.5501666666666662, 59.83566666666666)","(12.908, -2.604, 63.79916666666666)","868,869,870,871,872,873",4.39,23.45,1.99,P,"1963,1964,1966,1967,1968,1969",PISTACKING
340,PHE,B,1,UNL,d,,,,"(20.4314, -3.2445999999999997, 63.235)","(18.506, -4.906, 66.44083333333333)","965,966,967,968,969,970",4.09,22.69,1.42,P,"1956,1957,1958,1960,1961",PISTACKING
