RESNR,RESTYPE,RESCHAIN,RESNR_LIG,RESTYPE_LIG,RESCHAIN_LIG,DIST,LIGCARBONIDX,PROTCARBONIDX,LIGCOO,PROTCOO,PROT_IDX_LIST,CENTDIST,ANGLE,OFFSET,TYPE,LIG_IDX_LIST,BOND
277,ILE,B,1,UNL,d,3.53,1972,454,"(8.715, -3.322, 59.044)","(6.358, -5.04, 57.058)",,,,,,,HYDROPHOBIC
309,ILE,B,1,UNL,d,3.62,1984,702,"(17.72, -3.099, 57.003)","(19.587, -0.887, 54.827)",,,,,,,HYDROPHOBIC
312,MET,B,1,UNL,d,3.86,1965,724,"(15.901, -1.344, 59.566)","(15.236, 0.768, 56.399)",,,,,,,HYDROPHOBIC
315,GLU,B,1,UNL,d,3.89,1980,749,"(7.472, 2.597, 57.252)","(10.579, 4.641, 58.385)",,,,,,,HYDROPHOBIC
316,THR,B,1,UNL,d,3.35,1992,759,"(18.441, -1.172, 62.396)","(16.367, 1.251, 63.426)",,,,,,,HYDROPHOBIC
329,PHE,B,1,UNL,d,3.85,1970,870,"(10.982, -2.575, 59.62)","(11.808, -1.933, 63.326)",,,,,,,HYDROPHOBIC
345,LEU,B,1,UNL,d,3.67,1989,1007,"(19.597, -4.382, 61.098)","(21.729, -7.055, 62.44)",,,,,,,HYDROPHOBIC
349,PHE,B,1,UNL,d,3.57,1982,1044,"(19.226, -4.563, 58.543)","(22.534, -3.269, 58.866)",,,,,,,HYDROPHOBIC
353,ILE,B,1,UNL,d,3.53,1992,1074,"(18.441, -1.172, 62.396)","(20.799, 1.281, 63.344)",,,,,,,HYDROPHOBIC
274,LEU,B,1,UNL,d,3.18,1968,431,"(12.751, -4.043, 60.739)","(11.429, -6.921, 60.502)",,,,,,,HYDROPHOBIC
330,LEU,B,1,UNL,d,3.27,1972,881,"(8.715, -3.322, 59.044)","(6.785, -4.78, 61.247)",,,,,,,HYDROPHOBIC
349,PHE,B,1,UNL,d,3.32,1989,1043,"(19.597, -4.382, 61.098)","(22.668, -4.231, 59.842)",,,,,,,HYDROPHOBIC
353,ILE,B,1,UNL,d,3.37,1991,1075,"(19.279, -1.882, 61.337)","(22.267, -0.333, 61.234)",,,,,,,HYDROPHOBIC
329,PHE,B,1,UNL,d,,,,"(13.777000000000001, -3.1783333333333332, 60.36366666666667)","(12.908, -2.604, 63.79916666666666)","868,869,870,871,872,873",3.59,5.05,1.35,P,"1963,1964,1966,1967,1968,1969",PISTACKING
