RESNR,RESTYPE,RESCHAIN,RESNR_LIG,RESTYPE_LIG,RESCHAIN_LIG,DIST,LIGCARBONIDX,PROTCARBONIDX,LIGCOO,PROTCOO,PROT_IDX_LIST,CENTDIST,ANGLE,OFFSET,TYPE,LIG_IDX_LIST,BOND
271,PHE,B,1,UNL,d,3.18,1965,406,"(14.605, -5.983, 61.615)","(15.458, -8.373, 63.527)",,,,,,,HYDROPHOBIC
277,ILE,B,1,UNL,d,3.83,1972,454,"(8.837, -3.359, 59.452)","(6.358, -5.04, 57.058)",,,,,,,HYDROPHOBIC
315,GLU,B,1,UNL,d,3.78,1980,749,"(7.79, 2.347, 57.252)","(10.579, 4.641, 58.385)",,,,,,,HYDROPHOBIC
316,THR,B,1,UNL,d,3.46,1984,759,"(17.915, -0.743, 61.058)","(16.367, 1.251, 63.426)",,,,,,,HYDROPHOBIC
329,PHE,B,1,UNL,d,3.86,1965,871,"(14.605, -5.983, 61.615)","(14.02, -3.267, 64.293)",,,,,,,HYDROPHOBIC
340,PHE,B,1,UNL,d,3.43,1987,967,"(21.365, -3.768, 63.874)","(18.896, -5.64, 65.341)",,,,,,,HYDROPHOBIC
349,PHE,B,1,UNL,d,3.24,1992,1042,"(21.717, 0.0, 57.503)","(23.593, -2.41, 58.587)",,,,,,,HYDROPHOBIC
350,ILE,B,1,UNL,d,3.95,1987,1050,"(21.365, -3.768, 63.874)","(24.795, -4.753, 65.561)",,,,,,,HYDROPHOBIC
435,HIS,B,1,UNL,d,3.49,1992,1741,"(21.717, 0.0, 57.503)","(23.836, -0.877, 54.873)",,,,,,,HYDROPHOBIC
274,LEU,B,1,UNL,d,3.04,1966,431,"(12.978, -4.313, 60.683)","(11.429, -6.921, 60.502)",,,,,,,HYDROPHOBIC
309,ILE,B,1,UNL,d,3.04,1990,702,"(19.884, -1.717, 57.74)","(19.587, -0.887, 54.827)",,,,,,,HYDROPHOBIC
313,LEU,B,1,UNL,d,3.08,1991,735,"(20.447, -0.387, 58.255)","(20.17, 2.424, 59.473)",,,,,,,HYDROPHOBIC
329,PHE,B,1,UNL,d,3.68,1970,870,"(11.184, -2.719, 59.783)","(11.808, -1.933, 63.326)",,,,,,,HYDROPHOBIC
330,LEU,B,1,UNL,d,3.07,1972,881,"(8.837, -3.359, 59.452)","(6.785, -4.78, 61.247)",,,,,,,HYDROPHOBIC
349,PHE,B,1,UNL,d,3.12,1988,1043,"(20.158, -3.731, 61.619)","(22.668, -4.231, 59.842)",,,,,,,HYDROPHOBIC
349,PHE,B,1,UNL,d,3.27,1990,1044,"(19.884, -1.717, 57.74)","(22.534, -3.269, 58.866)",,,,,,,HYDROPHOBIC
353,ILE,B,1,UNL,d,3.49,1991,1075,"(20.447, -0.387, 58.255)","(22.267, -0.333, 61.234)",,,,,,,HYDROPHOBIC
329,PHE,B,1,UNL,d,,,,"(13.999000000000002, -3.445833333333333, 60.309666666666665)","(12.908, -2.604, 63.79916666666666)","868,869,870,871,872,873",3.75,5.12,1.21,P,"1963,1964,1966,1967,1968,1969",PISTACKING
