RESNR,RESTYPE,RESCHAIN,RESNR_LIG,RESTYPE_LIG,RESCHAIN_LIG,DIST,LIGCARBONIDX,PROTCARBONIDX,LIGCOO,PROTCOO,PROT_IDX_LIST,CENTDIST,ANGLE,OFFSET,TYPE,LIG_IDX_LIST,BOND
268,PHE,B,1,UNL,d,3.56,1992,382,"(19.596, -8.573, 59.258)","(21.209, -11.558, 58.182)",,,,,,,HYDROPHOBIC
271,PHE,B,1,UNL,d,3.13,1991,404,"(19.046, -8.224, 60.638)","(16.35, -9.577, 61.477)",,,,,,,HYDROPHOBIC
309,ILE,B,1,UNL,d,3.81,1984,702,"(19.697, -2.498, 58.274)","(19.587, -0.887, 54.827)",,,,,,,HYDROPHOBIC
312,MET,B,1,UNL,d,3.72,1969,724,"(14.575, -1.579, 59.202)","(15.236, 0.768, 56.399)",,,,,,,HYDROPHOBIC
345,LEU,B,1,UNL,d,3.59,1992,1008,"(19.596, -8.573, 59.258)","(22.859, -8.503, 60.764)",,,,,,,HYDROPHOBIC
349,PHE,B,1,UNL,d,3.00,1984,1044,"(19.697, -2.498, 58.274)","(22.534, -3.269, 58.866)",,,,,,,HYDROPHOBIC
453,LEU,B,1,UNL,d,3.46,1987,1892,"(18.059, -6.923, 55.682)","(15.928, -8.521, 53.48)",,,,,,,HYDROPHOBIC
457,TRP,B,1,UNL,d,3.31,1987,1929,"(18.059, -6.923, 55.682)","(18.079, -5.348, 52.766)",,,,,,,HYDROPHOBIC
329,PHE,B,1,UNL,d,3.54,1971,870,"(9.939, -2.95, 60.493)","(11.808, -1.933, 63.326)",,,,,,,HYDROPHOBIC
330,LEU,B,1,UNL,d,2.83,1972,881,"(8.574, -2.682, 60.621)","(6.785, -4.78, 61.247)",,,,,,,HYDROPHOBIC
345,LEU,B,1,UNL,d,2.74,1990,1007,"(19.398, -6.783, 61.025)","(21.729, -7.055, 62.44)",,,,,,,HYDROPHOBIC
329,PHE,B,1,UNL,d,,,,"(13.701, -2.5973333333333337, 59.57216666666667)","(12.908, -2.604, 63.79916666666666)","868,869,870,871,872,873",4.30,20.31,1.66,P,"1963,1964,1966,1967,1968,1969",PISTACKING
340,PHE,B,1,UNL,d,,,,"(19.8196, -2.5140000000000002, 63.500800000000005)","(18.506, -4.906, 66.44083333333333)","965,966,967,968,969,970",4.01,2.57,1.60,P,"1956,1957,1958,1960,1961",PISTACKING
