RESNR,RESTYPE,RESCHAIN,RESNR_LIG,RESTYPE_LIG,RESCHAIN_LIG,DIST,LIGCARBONIDX,PROTCARBONIDX,LIGCOO,PROTCOO,PROT_IDX_LIST,CENTDIST,ANGLE,OFFSET,TYPE,LIG_IDX_LIST,BOND
268,PHE,B,1,UNL,d,3.50,1987,380,"(18.744, -9.37, 59.626)","(20.871, -12.145, 59.387)",,,,,,,HYDROPHOBIC
271,PHE,B,1,UNL,d,3.40,1965,406,"(15.06, -5.593, 61.61)","(15.458, -8.373, 63.527)",,,,,,,HYDROPHOBIC
315,GLU,B,1,UNL,d,3.69,1980,749,"(7.889, 2.309, 57.402)","(10.579, 4.641, 58.385)",,,,,,,HYDROPHOBIC
329,PHE,B,1,UNL,d,3.70,1965,871,"(15.06, -5.593, 61.61)","(14.02, -3.267, 64.293)",,,,,,,HYDROPHOBIC
340,PHE,B,1,UNL,d,3.70,1992,965,"(21.413, -2.664, 64.838)","(19.739, -5.54, 66.446)",,,,,,,HYDROPHOBIC
349,PHE,B,1,UNL,d,3.34,1984,1044,"(19.626, -4.426, 57.687)","(22.534, -3.269, 58.866)",,,,,,,HYDROPHOBIC
350,ILE,B,1,UNL,d,3.87,1992,1051,"(21.413, -2.664, 64.838)","(24.372, -2.977, 67.316)",,,,,,,HYDROPHOBIC
354,PHE,B,1,UNL,d,3.87,1992,1084,"(21.413, -2.664, 64.838)","(20.841, -1.166, 68.358)",,,,,,,HYDROPHOBIC
274,LEU,B,1,UNL,d,3.26,1966,431,"(13.168, -4.178, 60.76)","(11.429, -6.921, 60.502)",,,,,,,HYDROPHOBIC
329,PHE,B,1,UNL,d,3.49,1970,870,"(11.13, -2.811, 60.017)","(11.808, -1.933, 63.326)",,,,,,,HYDROPHOBIC
330,LEU,B,1,UNL,d,2.55,1972,881,"(8.807, -3.378, 60.571)","(6.785, -4.78, 61.247)",,,,,,,HYDROPHOBIC
340,PHE,B,1,UNL,d,3.27,1989,967,"(19.42, -4.601, 62.285)","(18.896, -5.64, 65.341)",,,,,,,HYDROPHOBIC
345,LEU,B,1,UNL,d,3.54,1988,1007,"(18.842, -6.935, 60.402)","(21.729, -7.055, 62.44)",,,,,,,HYDROPHOBIC
345,LEU,B,1,UNL,d,3.37,1989,1007,"(19.42, -4.601, 62.285)","(21.729, -7.055, 62.44)",,,,,,,HYDROPHOBIC
329,PHE,B,1,UNL,d,,,,"(13.9835, -3.5544999999999995, 59.822333333333326)","(12.908, -2.604, 63.79916666666666)","868,869,870,871,872,873",4.23,20.94,1.60,P,"1963,1964,1966,1967,1968,1969",PISTACKING
