RESNR,RESTYPE,RESCHAIN,RESNR_LIG,RESTYPE_LIG,RESCHAIN_LIG,DIST,LIGCARBONIDX,PROTCARBONIDX,LIGCOO,PROTCOO,PROT_IDX_LIST,CENTDIST,ANGLE,OFFSET,TYPE,LIG_IDX_LIST,BOND
271,PHE,B,1,UNL,d,3.93,1989,405,"(17.63, -5.699, 61.479)","(16.438, -9.153, 62.936)",,,,,,,HYDROPHOBIC
316,THR,B,1,UNL,d,3.40,1984,759,"(17.36, -1.97, 63.018)","(16.367, 1.251, 63.426)",,,,,,,HYDROPHOBIC
329,PHE,B,1,UNL,d,3.79,1972,867,"(10.349, -3.521, 60.525)","(10.245, -3.635, 64.309)",,,,,,,HYDROPHOBIC
329,PHE,B,1,UNL,d,3.22,1984,873,"(17.36, -1.97, 63.018)","(14.187, -2.105, 63.53)",,,,,,,HYDROPHOBIC
349,PHE,B,1,UNL,d,3.55,1987,1041,"(22.512, -3.39, 63.666)","(23.882, -4.345, 60.537)",,,,,,,HYDROPHOBIC
349,PHE,B,1,UNL,d,3.29,1988,1043,"(20.458, -3.999, 62.268)","(22.668, -4.231, 59.842)",,,,,,,HYDROPHOBIC
350,ILE,B,1,UNL,d,3.27,1987,1050,"(22.512, -3.39, 63.666)","(24.795, -4.753, 65.561)",,,,,,,HYDROPHOBIC
353,ILE,B,1,UNL,d,3.91,1987,1075,"(22.512, -3.39, 63.666)","(22.267, -0.333, 61.234)",,,,,,,HYDROPHOBIC
271,PHE,B,1,UNL,d,3.12,1992,406,"(14.455, -6.273, 61.456)","(15.458, -8.373, 63.527)",,,,,,,HYDROPHOBIC
274,LEU,B,1,UNL,d,3.24,1971,431,"(11.709, -3.706, 60.267)","(11.429, -6.921, 60.502)",,,,,,,HYDROPHOBIC
275,ALA,B,1,UNL,d,3.53,1969,439,"(15.856, -4.271, 58.777)","(14.604, -6.314, 56.187)",,,,,,,HYDROPHOBIC
329,PHE,B,1,UNL,d,3.14,1991,871,"(15.237, -5.111, 62.059)","(14.02, -3.267, 64.293)",,,,,,,HYDROPHOBIC
329,PHE,B,1,UNL,d,3.88,1966,872,"(14.935, -1.802, 59.669)","(13.084, -1.435, 63.061)",,,,,,,HYDROPHOBIC
330,LEU,B,1,UNL,d,3.85,1972,881,"(10.349, -3.521, 60.525)","(6.785, -4.78, 61.247)",,,,,,,HYDROPHOBIC
340,PHE,B,1,UNL,d,2.99,1990,969,"(16.589, -5.581, 62.61)","(17.687, -5.004, 65.329)",,,,,,,HYDROPHOBIC
329,PHE,B,1,UNL,d,,,,"(11.120166666666668, -2.4631666666666665, 60.044333333333334)","(12.908, -2.604, 63.79916666666666)","868,869,870,871,872,873",4.16,20.91,1.52,P,"1970,1971,1972,1973,1974,1975",PISTACKING
340,PHE,B,1,UNL,d,,,,"(19.871199999999998, -3.1266000000000003, 62.870400000000004)","(18.506, -4.906, 66.44083333333333)","965,966,967,968,969,970",4.22,20.71,1.21,P,"1982,1983,1985,1986,1988",PISTACKING
