RESNR,RESTYPE,RESCHAIN,RESNR_LIG,RESTYPE_LIG,RESCHAIN_LIG,DIST,LIGCARBONIDX,PROTCARBONIDX,LIGCOO,PROTCOO,PROT_IDX_LIST,CENTDIST,ANGLE,OFFSET,TYPE,LIG_IDX_LIST,BOND
271,PHE,B,1,UNL,d,4.00,1984,404,"(16.489, -6.751, 58.654)","(16.35, -9.577, 61.477)",,,,,,,HYDROPHOBIC
271,PHE,B,1,UNL,d,3.69,1965,406,"(14.81, -5.381, 61.462)","(15.458, -8.373, 63.527)",,,,,,,HYDROPHOBIC
275,ALA,B,1,UNL,d,3.14,1984,439,"(16.489, -6.751, 58.654)","(14.604, -6.314, 56.187)",,,,,,,HYDROPHOBIC
277,ILE,B,1,UNL,d,3.67,1972,454,"(8.843, -3.375, 59.181)","(6.358, -5.04, 57.058)",,,,,,,HYDROPHOBIC
309,ILE,B,1,UNL,d,3.48,1990,702,"(18.008, -1.342, 57.893)","(19.587, -0.887, 54.827)",,,,,,,HYDROPHOBIC
315,GLU,B,1,UNL,d,3.95,1980,749,"(7.361, 2.593, 57.372)","(10.579, 4.641, 58.385)",,,,,,,HYDROPHOBIC
329,PHE,B,1,UNL,d,3.82,1970,870,"(11.085, -2.476, 59.618)","(11.808, -1.933, 63.326)",,,,,,,HYDROPHOBIC
329,PHE,B,1,UNL,d,3.62,1965,871,"(14.81, -5.381, 61.462)","(14.02, -3.267, 64.293)",,,,,,,HYDROPHOBIC
349,PHE,B,1,UNL,d,3.92,1989,1044,"(18.696, -2.603, 58.453)","(22.534, -3.269, 58.866)",,,,,,,HYDROPHOBIC
353,ILE,B,1,UNL,d,3.73,1992,1075,"(18.693, -0.654, 60.222)","(22.267, -0.333, 61.234)",,,,,,,HYDROPHOBIC
457,TRP,B,1,UNL,d,3.66,1987,1929,"(20.588, -6.5, 55.172)","(18.079, -5.348, 52.766)",,,,,,,HYDROPHOBIC
312,MET,B,1,UNL,d,3.79,1990,724,"(18.008, -1.342, 57.893)","(15.236, 0.768, 56.399)",,,,,,,HYDROPHOBIC
313,LEU,B,1,UNL,d,3.46,1991,735,"(18.001, -0.216, 58.934)","(20.17, 2.424, 59.473)",,,,,,,HYDROPHOBIC
330,LEU,B,1,UNL,d,3.24,1972,881,"(8.843, -3.375, 59.181)","(6.785, -4.78, 61.247)",,,,,,,HYDROPHOBIC
329,PHE,B,1,UNL,d,,,,"(13.948833333333335, -2.8851666666666667, 60.22116666666667)","(12.908, -2.604, 63.79916666666666)","868,869,870,871,872,873",3.74,9.68,1.34,P,"1963,1964,1966,1967,1968,1969",PISTACKING
340,PHE,B,1,UNL,d,,,,"(20.094, -3.3552, 62.9422)","(18.506, -4.906, 66.44083333333333)","965,966,967,968,969,970",4.14,20.87,1.86,P,"1956,1957,1958,1960,1961",PISTACKING
