RESNR,RESTYPE,RESCHAIN,RESNR_LIG,RESTYPE_LIG,RESCHAIN_LIG,DIST,LIGCARBONIDX,PROTCARBONIDX,LIGCOO,PROTCOO,PROT_IDX_LIST,PROTISPOS,LIG_GROUP,LIG_IDX_LIST,CENTDIST,ANGLE,OFFSET,TYPE,PROTCHARGED,BOND
260,LEU,A,1,UNL,d,3.97,1851,302,"(46.154, 15.598, -4.223)","(44.966, 11.816, -4.326)",,,,,,,,,,HYDROPHOBIC
315,PHE,A,1,UNL,d,3.66,1858,737,"(43.025, 17.705, -4.525)","(44.415, 17.465, -7.901)",,,,,,,,,,HYDROPHOBIC
260,LEU,A,1,UNL,d,3.43,1850,305,"(47.023, 14.559, -4.538)","(47.279, 11.179, -5.035)",,,,,,,,,,HYDROPHOBIC
316,LEU,A,1,UNL,d,3.55,1842,744,"(52.588, 16.64, -5.394)","(53.02, 13.124, -5.151)",,,,,,,,,,HYDROPHOBIC
316,LEU,A,1,UNL,d,3.04,1849,745,"(48.405, 14.765, -4.527)","(50.583, 12.697, -4.996)",,,,,,,,,,HYDROPHOBIC
267,GLU,A,1,UNL,d,4.54,,,"(55.157, 17.638, -2.853)","(52.0305, 16.5965, 0.267)","355,356",False,Tertamine,1830,,,,,,SALTBRIDGE
315,PHE,A,1,UNL,d,,,,"(47.54183333333334, 15.811833333333334, -4.21)","(45.505500000000005, 16.634666666666664, -8.124166666666667)","732,733,734,735,736,737",,,"1848,1849,1850,1851,1852,1853",4.49,27.55,1.92,P,,PISTACKING
305,ARG,A,1,UNL,d,4.53,,,"(53.9134, 20.8706, -1.8451999999999997)","(51.32833333333334, 20.448333333333334, -5.541666666666667)","656,658,659",,Aromatic,"1860,1861,1863,1864,1866",,,1.29,,True,PICATION
305,ARG,A,1,UNL,d,4.24,,,"(51.885, 16.469666666666665, -4.183333333333334)","(51.32833333333334, 20.448333333333334, -5.541666666666667)","656,658,659",,Aromatic,"1841,1842,1844,1845,1846,1847",,,1.57,,True,PICATION
