RESNR,RESTYPE,RESCHAIN,RESNR_LIG,RESTYPE_LIG,RESCHAIN_LIG,DIST,LIGCARBONIDX,PROTCARBONIDX,LIGCOO,PROTCOO,PROT_IDX_LIST,PROTISPOS,LIG_GROUP,LIG_IDX_LIST,CENTDIST,ANGLE,OFFSET,TYPE,PROTCHARGED,BOND
260,LEU,A,1,UNL,d,3.76,1849,305,"(48.238, 14.768, -4.442)","(47.279, 11.179, -5.035)",,,,,,,,,,HYDROPHOBIC
222,GLN,A,1,UNL,d,3.76,1869,141,"(59.748, 18.892, -2.679)","(59.74, 22.318, -1.121)",,,,,,,,,,HYDROPHOBIC
260,LEU,A,1,UNL,d,3.34,1850,302,"(46.857, 14.56, -4.465)","(44.966, 11.816, -4.326)",,,,,,,,,,HYDROPHOBIC
316,LEU,A,1,UNL,d,3.53,1842,744,"(52.434, 16.6, -5.324)","(53.02, 13.124, -5.151)",,,,,,,,,,HYDROPHOBIC
316,LEU,A,1,UNL,d,3.18,1849,745,"(48.238, 14.768, -4.442)","(50.583, 12.697, -4.996)",,,,,,,,,,HYDROPHOBIC
267,GLU,A,1,UNL,d,4.17,,,"(55.079, 16.802, -2.578)","(52.0305, 16.5965, 0.267)","355,356",False,Tertamine,1830,,,,,,SALTBRIDGE
315,PHE,A,1,UNL,d,,,,"(47.370000000000005, 15.825833333333335, -4.181166666666667)","(45.505500000000005, 16.634666666666664, -8.124166666666667)","732,733,734,735,736,737",,,"1848,1849,1850,1851,1852,1853",4.44,28.84,1.79,P,,PISTACKING
305,ARG,A,1,UNL,d,4.23,,,"(51.71233333333333, 16.488166666666668, -4.117666666666667)","(51.32833333333334, 20.448333333333334, -5.541666666666667)","656,658,659",,Aromatic,"1841,1842,1844,1845,1846,1847",,,1.44,,True,PICATION
