RESNR,RESTYPE,RESCHAIN,RESNR_LIG,RESTYPE_LIG,RESCHAIN_LIG,DIST,LIGCARBONIDX,PROTCARBONIDX,LIGCOO,PROTCOO,PROT_IDX_LIST,PROTISPOS,LIG_GROUP,LIG_IDX_LIST,OFFSET,PROTCHARGED,BOND
222,GLN,A,1,UNL,d,3.74,1870,141,"(58.417, 20.906, -4.319)","(59.74, 22.318, -1.121)",,,,,,,HYDROPHOBIC
260,LEU,A,1,UNL,d,3.72,1849,305,"(48.152, 14.732, -4.382)","(47.279, 11.179, -5.035)",,,,,,,HYDROPHOBIC
298,MET,A,1,UNL,d,3.79,1858,596,"(42.958, 16.886, -3.083)","(42.133, 20.138, -1.325)",,,,,,,HYDROPHOBIC
260,LEU,A,1,UNL,d,3.26,1850,302,"(46.77, 14.526, -4.365)","(44.966, 11.816, -4.326)",,,,,,,HYDROPHOBIC
315,PHE,A,1,UNL,d,3.67,1851,733,"(45.902, 15.59, -4.145)","(46.696, 16.89, -7.479)",,,,,,,HYDROPHOBIC
315,PHE,A,1,UNL,d,3.70,1853,733,"(47.795, 17.084, -3.954)","(46.696, 16.89, -7.479)",,,,,,,HYDROPHOBIC
316,LEU,A,1,UNL,d,3.64,1842,744,"(52.304, 16.678, -5.442)","(53.02, 13.124, -5.151)",,,,,,,HYDROPHOBIC
316,LEU,A,1,UNL,d,3.23,1849,745,"(48.152, 14.732, -4.382)","(50.583, 12.697, -4.996)",,,,,,,HYDROPHOBIC
267,GLU,A,1,UNL,d,4.40,,,"(54.948, 17.5, -2.894)","(52.0305, 16.5965, 0.267)","355,356",False,Tertamine,1830,,,SALTBRIDGE
305,ARG,A,1,UNL,d,4.55,,,"(53.894600000000004, 20.7698, -1.7927999999999997)","(51.32833333333334, 20.448333333333334, -5.541666666666667)","656,658,659",,Aromatic,"1860,1861,1863,1864,1866",1.92,True,PICATION
305,ARG,A,1,UNL,d,4.21,,,"(51.63283333333333, 16.460833333333337, -4.220666666666666)","(51.32833333333334, 20.448333333333334, -5.541666666666667)","656,658,659",,Aromatic,"1841,1842,1844,1845,1846,1847",1.71,True,PICATION
