RESNR,RESTYPE,RESCHAIN,RESNR_LIG,RESTYPE_LIG,RESCHAIN_LIG,DIST,LIGCARBONIDX,PROTCARBONIDX,LIGCOO,PROTCOO,PROT_IDX_LIST,PROTISPOS,LIG_GROUP,LIG_IDX_LIST,OFFSET,PROTCHARGED,BOND
260,LEU,A,1,UNL,d,3.84,1849,305,"(48.434, 14.778, -4.375)","(47.279, 11.179, -5.035)",,,,,,,HYDROPHOBIC
260,LEU,A,1,UNL,d,3.45,1850,302,"(47.054, 14.562, -4.353)","(44.966, 11.816, -4.326)",,,,,,,HYDROPHOBIC
315,PHE,A,1,UNL,d,3.63,1851,733,"(46.179, 15.617, -4.12)","(46.696, 16.89, -7.479)",,,,,,,HYDROPHOBIC
316,LEU,A,1,UNL,d,3.59,1842,744,"(52.59, 16.678, -5.437)","(53.02, 13.124, -5.151)",,,,,,,HYDROPHOBIC
316,LEU,A,1,UNL,d,3.06,1849,745,"(48.434, 14.778, -4.375)","(50.583, 12.697, -4.996)",,,,,,,HYDROPHOBIC
267,GLU,A,1,UNL,d,4.52,,,"(55.137, 17.676, -2.832)","(52.0305, 16.5965, 0.267)","355,356",False,Tertamine,1830,,,SALTBRIDGE
305,ARG,A,1,UNL,d,4.60,,,"(53.9298, 20.8646, -1.7670000000000001)","(51.32833333333334, 20.448333333333334, -5.541666666666667)","656,658,659",,Aromatic,"1859,1860,1862,1863,1865",1.97,True,PICATION
305,ARG,A,1,UNL,d,4.17,,,"(51.904500000000006, 16.535, -4.208333333333333)","(51.32833333333334, 20.448333333333334, -5.541666666666667)","656,658,659",,Aromatic,"1841,1842,1844,1845,1846,1847",1.43,True,PICATION
